bangla_speech,banglish_speech,chittagong_bangla_speech,chittagong_banglish_speech,region_name,english_speech,emotions
তোমার পড়াশোনা করে  কি হবে যদি তুমি যাকে ভালোবাসো তাকেই  না পাও,tomar porashona kore  ki hobe jodi tumi jake valobasho takei na pao,তোয়ার ফোন্না ফরিয়েরে লাবহান কি যদি তুই যারে ভালোবাসো তারেই ন ফো,toyar fonna foriyere labhan ki jodi tui jare valobaso tarei no fo,Chittagong,What happens to your studies if you don't find the one you love?,curiosity
আমাকে পড়ালেখা করতে একদমই ভাল লাগে না,amar poralekha korte ekdomi valo lage na,আঁত্তুন ফরালেহা গইরতো এফফোডাও গম ন লাগে,attun foraleha goirto effodao gom no lage,Chittagong,I don't like to study at all,disapproval
 তোমাকে একটা উপহার দিতে চাই,tomake ekta upohar dite chai,তোওয়ারে এক্কান উফহার দিতাম চাই,tooyare ekkan ufohar ditam chai,Chittagong,I want to give you a gift,desire
আমার সত্যের ভালবাসা কোনদিনও হারবে না,amar sotter valobasa konodin o harbe na,আর হাসা ভালোবাসা হোন দিন ন হারিবো,ar hasa valobasa hon din no haribo,Chittagong,My true love will never fail,love
আমার মাথা অনেক ব্যথা  করছে,amar matha onek betha korche,আঁত্তুন বউত মাতা হরার,attun bout mata horar,Chittagong,My head hurts a lot,sadness
তুমি কি আমার জন্য অপেক্ষা করতে পারবে ?,tumi ki amar jonno opekkha korte parbe ?,তুই কি আরলাই অফেক্ষা গরিত্তারি বানা?,tui ki arlai ofekkha gorittari bana?,Chittagong,can you wait for me,excitement
তোমাকে আমি ধন্যবাদ জানাতে চাই,tomake ami dhonnbad janate chai,তোয়ারে আই ধন্যবাদ জানাইতাম চাই ,toyare ai dhonnobad janaitam cai,Chittagong,I want to thank you,gratitude
খাবারে আরেকটু রসুন দিলে বেশী মজা হতো,khabare arektu roshun dile beshi moja hoto, খাবারত আরেক্কানা রসুন দিলি বেশি মজা অইতো,khabarot arekkana rosun dili beshi moja oito,Chittagong,A little more garlic in the food would have been more fun,amusement
আমি একটা খুব বড় সমস্যায় পড়েছি দয়া করে কেউ হাসাহাসি করবেন না,ami ekta khub boro somossay porechi doya kore keu hasahasi korben na,আই এক্কান সমইস্যাত ফরি গেইলামদয়া গরিয়েরে হনিক্কায় আসাআসি নো গইজ্জন,ai ekkan somoissat fori geilamodoya goriyere honikkay asaasi no goijjon,Chittagong,I am in a very big problem please no one laugh,amusement
আমরা সেখানে অনেক মজা করব,amra sekhane onek moja korbo,আঁরা এডে বউত মজা গইরগম,ara ede bout moja goirogom,Chittagong,We will have a lot of fun there,amusement
আজ অনেক মজা হল,aj onek moja holo,আযিয়া বউত মযা অইয়্যে,ajiya bout moja oiye,Chittagong,Today was a lot of fun,amusement
দ্বিতীয়  বিয়েতে আমি কল্পনার চেয়েও বেশি সুখী,ditiyo  biyete ami kolponar cheyeo beshi sukhi,দ্বিতীয় বিয়াত ইবাই আই কল্পনার তুন বেশি সুখি,ditio biyat ibai ai kolponar tun beshi sukhi,Chittagong,I am happier than I could have imagined in my second marriage,joy
তুমি সত্যিই খুব কঠিন সময় পার করছ,tumi sottii khub kothin somoy par korocho,তুই হাসা খুব কঠিন সময় ফার গরর,tui hasa khub kothin somoy far goror,Chittagong,You are going through a really tough time,disappointment
খাওয়ার সময় খুব বেশি ব্যথা করছে দাঁতে,khaoyar somoy khub beshi betha korche daate,হাইবর সতি বর বেশি দাত ফুকে হরার,haibor soti boro beshi dat fuke horar,Chittagong,The tooth hurts a lot while eating,sadness
বিড়াল খুব আরামপ্রিয় প্রাণী,biral khub arampriyo prani,বিলাই বউত আরাম ফ্রিয় ফ্রানি,bilai bout aram friyo frani,Chittagong,Cats are very comfortable animals,annoyance
ছেলেটির রাগ অনেক বেশী  ,cheletir rag onek beshi,ফোয়াইবার গোস্সা বেশি,foyaibar gossa beshi,Chittagong,The boy is very angry,anger
আমি আমার সাধ্য অনুযায়ী চেষ্টা করি বাবার খোঁজ খবর নিতে,ami amar saddho onujayii ceshta kori babar khoj khobor nite,আই আর সাধ্য মত চেষ্টা গরি বাফোর হোয হোবর লইবেল্লাই,ai ar saddho moto cheshta gori bafor hoj hobor loibellai,Chittagong,I try my best to find out about father,optimism
উনি যেইটা বলবে সেইটাই ঠিক আর সেইটাই করবে,uni jeita bolbe seitai thik ar seitai korbe,উনি যিয়ান হইয়ে ইয়ানই ঠিক আর ইয়ানি হইবো,uni jiyan hoiye iyani thik ar iyani hibo,Chittagong,Whatever he says is right and that is what he will do,neutral
আব্বু মান সন্মানের ভয়ে মামলা করেননি,abbu man sommaner voye mamla korenni,আব্বু মান সম্মানর ভয়ে মামলা ন গরে,abbu man sommanor voye mamla no gore,Chittagong,Abbu Maan did not file a case for fear of honour,fear
মজা করে অন্য ছেলের কথা বলে তাকে চেতাইছি অনেক,moja kore onno cheler kotha bole take cetaichi onek,মজা গরিয়েরে তারে অন্য ফোয়ার হতা হইয়েরে চেতাইয়ি বহুত,moja goriyere tare onno foyar hota hoiyere chetaiyi bohut,Chittagong,I teased him a lot by joking about other boys,amusement
অনেকে বলে প্রেম করলে মানুষ বোকা হয়,oneke bole prem korle manush boka hoy,বউতকিয়ায় হদে ফ্রেম গইরলে মানুষ ডিলা অই,boutkiyay hode frem goirle manush dila oi,Chittagong,Many people say that people become fools when they love,love
তুমি একটা বোকা মেয়ে,tumi ekta boka meye,তুই এক্কান বোকা মাইয়া ফোয়া,tui ekkan boka maiya foya,Chittagong,you are a stupid girl,anger
মানুষ আসলে বড়ই অদ্ভুত,manush asole boroi odvut,মানষ বাস্তবে বরই অদবুত,manosh bastobe boroi odbut,Chittagong,People are really weird,disgust
গ্রামের বাড়ির এই মেয়েটাকে খুব ভালো লেগেছিল,gramer barir ei meyetake khub valo legechilo,গ্রামর বাড়ির এই মাইয়াফোয়া ইবা খুব ভালো লাগে,gramor barir ei maiyafoya iba khub valo lage,Chittagong,This village girl liked very much,admiration
আমি আপনার কাছে আসতে চাই,ami apnar kache aste chai,আঁই অনর হাচে আইত চাই,ai onor hace ait cai,Chittagong,I want to come to you,desire
সন্ধ্যায় আমার মা এসে আমাকে অভিযোগ দিলো আমার বাবার সাথে ঝগড়া হয়েছে আবার,sondhay amar ma ese amake ovijog dilo amar babar sathe jhogra hoyeche abar,সন্ধ্যায় আয়ার মা আইয়েরে আরে অভিযোগ গরের আর বাফোর ফোওয়ারিত ঝগরা অইয়ে।,sondhay ayar ma aiyere are ovijog gorer ar bafor fowyarit jhogra oiye,Chittagong,In the evening my mother came and complained to me that I had a quarrel with my father again,neutral
তুমি কি আমার জন্য অপেক্ষা করতে পারবে ?,tumi ki amar jonno opekkha korte parbe ?,তুই কি আরলাই অফেক্ষা গরিত্তারি বানা?,tui ki arlai ofekkha gorittari bana?,Chittagong,can you wait for me,excitement
বাবা মার আদর ভালোবাসা ছাড়া আমি বড় হয়েছি,baba mar ador valobasa chara ami boro hoyechi,বাবা মার আদর ভালোবাসা ছাড়া আই ডর অই গিয়ি,baba mar ador valobasa chara ai dor oi giyi,Chittagong,I grew up without the love of my parents,love
ঐ মহিলা আর সে মিলে আমাকে গালিগালাজ করতে থাকে,oi mohila ar se mile amake galigalaj korte thake,ঐ বেডীর ওদ্দে ইতে মিলি আরে গালাগালি গরার তাকে,oi bedir odde ite mili are galagali gorar take,Chittagong,That woman and he started abusing me together,annoyance
বাসায় যাওয়ার পথে ফ্লাইওভার দেখে হাবিব অবাক হয়ে গেল,basay jaoyar pothe flyover dekhe habib obak hoye gelo,বাসায় যোনের ফোথত ফ্লাইওভার সাইয়েরে হাবিব অবাক অই গিল,basay joner fothot flyover saiyere habib obak oi gilo,Chittagong,Habib was surprised to see the flyover on his way home,surprise
তুমি কি আমার জন্য অপেক্ষা করতে পারবে ?,tumi ki amar jonno opekkha korte parbe ?,তুই কি আরলাই অফেক্ষা গরিত্তারি বানা?,tui ki arlai ofekkha gorittari bana?,Chittagong,can you wait for me,excitement
"কী করছে, তা তো জানি না","ki korche, ta to jani na",কি গরে তা তো হইন্নফারির,ki gore ta to hoinnofarir,Chittagong,I do not know what he is doing,confusion
সকালের শুরুতেই পড়াশোনা শুরু করা ভালো,sokaler shurutei porashona shuru kora valo,বেইন্না ফ-য-রত ফরাশোনা শুরা গরা বালো,beinna fo-jo-rot forashona shura gora balo,Chittagong,It is better to start studying early in the morning,approval
একমাত্র মেয়েরাই পারে সংসার গুছিয়ে রাখতে,ekmatro meyerai pare songsar guchiye rakhte,একমাত্র মাইয়াফোয়ারাই ফারে সংসার ঘুছায় রাহে,ekmatro maiyafoyarai fare songsar ghuchay rahe,Chittagong,Only girls can manage the family,neutral
হাতে তালি দিয়ে দিয়ে কি পড়া যায়?,hate tali diye ki pora jay?,আতত তালি মারিয়েরে ফড়া যায় না?,atot tali mariyere fora jay na?,Chittagong,What can be read by clapping hands?,curiosity
তোর বড় ভাইয়ের সাথে আমার বিয়ে হওয়ার  কথা চলতাসে,tor boro vaiyer sathe amar biye hoyar kotha choltase,তোর বর বাইয়ের ফোয়ারে আঁর বিয়ার হতা চলের,tor bor baiyer foyare ar biyar hota coler,Chittagong,I was supposed to get married to your elder brother,annoyance
আমি তোমার বাদামী চোখ জোড়া ভালোবাসি,ami tomar badami chokh jora valobashi,আঁই তোয়ার বাদামী চোখ যোরা বালবাসি,ai toyar badami cokh jora balobasi,Chittagong,I love your pair of brown eyes,love
তুমি এখানে থাকলে আমি খুশি,tumi ekhane thakle ami khushi,তুঁই এডে তাকিলে আঁই কুশি,tui ede takile ai kushi,Chittagong,I'm glad you're here,joy
আর এবছর সে বিশাল করে সারপ্রাইজ দিয়েছে আমাকে,ar ebochor se bishal kore surprise diyeche amake,আর এই বছরত যেই বিশাল গরিয়েরে সারপ্রাইজ দিয়ে আরে,ar ei bochorot jei bishal goriyere surprise diye are,Chittagong,And this year he gave me a big surprise,surprise
তুমি কি আমার জন্য অপেক্ষা করতে পারবে ?,tumi ki amar jonno opekkha korte parbe ?,তুই কি আরলাই অফেক্ষা গরিত্তারি বানা?,tui ki arlai ofekkha gorittari bana?,Chittagong,can you wait for me,excitement
তুমি কি আমার বন্ধু হতে চাও?,tumi ki amar bondhu hote chao?,তুঁই কি আঁর বন্দু অইবা নে?,tui ki ar bondu oiba ne?,Chittagong,Do you want to be my friend?,curiosity
এখন তুমি আমার কাছে ক্ষমা চাও,ekhon tumi amar kache khoma chao,এহন তুই আর হাসে মাফ সদ্দে,ehon tui ar hase maf sodde,Chittagong,Now you apologize to me,remorse
আমার কফি বেশি পছন্দ ,amar coffee beshi pochondo,আঁর কপি বেশি পচন্দ,ar kopi beshi pocondo,Chittagong,I prefer coffee,approval
আব্বু মান সন্মানের ভয়ে মামলা করেননি,abbu man sommaner voye mamla korenni,আব্বু মান সম্মানর ভয়ে মামলা ন গরে,abbu man sommanor voye mamla no gore,Chittagong,Abbu Maan did not file a case for fear of honour,fear
মজা করে অন্য ছেলের কথা বলে তাকে চেতাইছি অনেক,moja kore onno cheler kotha bole take cetaichi onek,মজা গরিয়েরে তারে অন্য ফোয়ার হতা হইয়েরে চেতাইয়ি বহুত,moja goriyere tare onno foyar hota hoiyere chetaiyi bohut,Chittagong,I teased him a lot by joking about other boys,amusement
তোমার ভাই কোথায় চাকরি করেন? ,tomar vai kothay chakri koren?,তোঁয়ার বাই চঁঅরি হডে গরে?,toyar bai cori hode gore?,Chittagong,Where does your brother work?,curiosity
আমি আমার সাধ্য অনুযায়ী চেষ্টা করি বাবার খোঁজ খবর নিতে,ami amar saddho onujayii ceshta kori babar khoj khobor nite,আই আর সাধ্য মত চেষ্টা গরি বাফোর হোয হোবর লইবেল্লাই,ai ar saddho moto cheshta gori bafor hoj hobor loibellai,Chittagong,I try my best to find out about father,optimism
আমি তোমার মনের কথা বুঝি না,ami tomar moner kotha bujhi na,আঁই তোয়াঁর মন অর হতা বুজি,ai toyar mon or hota buji,Chittagong,I don't understand your mind,confusion
তােকে ধন্যবাদ এমন ভালাে একটি বইয়ের খোজ দেওয়ার জন্য,toke dhonnobad emon valo ekti boiyer khoj deoyar jonno,তাহেররে দন্যবাদ এন বালা ওজ্ঞা বইওর কোয দিবার লাই,taherre donnobad en bala ogga boior koj dibar lai,Chittagong,Thanks for finding such a good book,gratitude
তুমি আমাকে বিরক্ত করো না,tumi amake birokto koro na,তুই আরে বিরক্ত ন গইজ,tui are birokto no goij,Chittagong,you don't bother me,annoyance
একটা সময় পর বুঝলাম যে আমরা একে অপরকে চাই,ekta somoy por bujhlam je amra eke oporke chai,এক্কান সময় ফর বুঝিলাম যে আই একে অফরকে চাইর,ekkan somoy for bujhilam je ai eke oforke chair,Chittagong,After a while I realized that we want each other,realization
আমার সিদ্ধান্ত ভুল না সঠিক তা জানিনা,amar siddhanto vul na sothik ta janina,আর সিদ্ধান্ত গম না হারাফ তা নো জানি,ar siddhanto gom na haraf ta no jani,Chittagong,I don't know whether my decision is right or wrong,confusion
আমি দেখেছি সব সময় এমন কাজ করেন যার জন্য উনার ছেলে অনেক রাগ করেন,ami dekhechi sob somoy emon kaj koren jar jonno unar chele onek rag koren,আই দেইক্কি সব সমত এনে হাম গরে যার হারনে তার ফোয়া রাগ গরে,ai deikki sob somot ene ham gore jar harone tar foya rag gore,Chittagong,I have seen him always doing things that make his son very angry,anger
খাবারে লবণ কম হলে আরো ভালো লাগতো,khabare lobon kom hole aro valo lagto,হানাাত লবণ হম অইলে আরো গম লাগিত ,hanaat lobon hom oile aro gom lagito,Chittagong,It would have been better if there was less salt in the food,optimism
আমি বুঝে গেছি ওই ছেলেকে ছাড়া আমি থাকতে পারব না,ami bujhe gechi oi cheleke chara ami thakte parbo na,আই বুঝি গেয়ি ফোয়া ইবারে ছাড়া আই তাকিন্নো ফাইজ্জুম,ai bujhi geyi foya ibare chara ai takinno faijjum,Chittagong,I realized that I can't live without that boy,realization
আমার মায়ের রান্না অনেক মজার,amar mayer ranna onek mojar,আঁর মার রাঁদা বউত মযা,ar mar rada bout moja,Chittagong,My mother's cooking is very interesting,excitement
আমি আপনার সঙ্গে মজা করতে চাই,ami apnar songe moja korte chai,আঁই অনর লই মযা গইরতো চাই,ai onor loi moja goirto cai,Chittagong,I want to have fun with you,desire
এটা আমাদের বাড়ি,eta amader bari,ইয়ান আরার বাড়ি,iyan arar bari,Chittagong,This is our home,neutral
বিড়াল খুব আরামপ্রিয় প্রাণী,biral khub arampriyo prani,বিলাই বউত আরাম ফ্রিয় ফ্রানি,bilai bout aram friyo frani,Chittagong,Cats are very comfortable animals,annoyance
দাদি অবাক চোখে আমার দিকে তাকালেন,dadi obak cokhe amar dike takalen,দাদিি অভাক অইয়েরে আর মিক্কে সাই তাইক্কে,dadii ovak oiyere ar mikke sai taikke,Chittagong,Dadi looked at me with surprised eyes,surprise
স্টোররুমটি নোংরা হয়ে আছে,storeroom ti nongra hoye ache,স্টোররুম ইয়ান বহুত ময়লা অই তাইক্কে,storeroom iyan bohut moyla oi taikke,Chittagong,The storeroom is dirty,disgust
আমি তার চোথের মায়ায় পড়েছি ,ami tar chokher mayay porechi,আঁই ইবার চকোর মায়াত ফইরগি,ai ibar cokor mayat foirgi,Chittagong,I fell under the spell of his anger,annoyance
আম্মুর জন্য বেশি খারাপ লাগছে,ammur jonno beshi kharap lagche,আম্মুর লাই বেশি ফেট ফূরের,ammur lai beshi fet furer,Chittagong,I feel worse for mom,disgust
তুমি সত্যিই খুব কঠিন সময় পার করছ,tumi sottii khub kothin somoy par korocho,তুই হাসা খুব কঠিন সময় ফার গরর,tui hasa khub kothin somoy far goror,Chittagong,You are going through a really tough time,disappointment
আপনার লেখার ধরণ খুব সুন্দর,apnar lekhar dhoron khub shundor,অনর লেহার দরন কুব সুন্দর,onor lehar doron kub sundor,Chittagong,Your writing style is very nice,admiration
আমার বাড়িতে বড়ই সুন্দর ফুল আছে,amar barite boroi sundor ful ache,আঁর গরোত বর সুন্দর ফুল আচে,ar gorot boro sundor ful ace,Chittagong,I have very beautiful flowers in my house,admiration
এই শিশুটি অনেক অসুস্থ,ei shishuti onek osustho,এই বাইচ্ছা ইয়ান অসুস্থ ,ei baiccha iyan osustho,Chittagong,This child is very sick,sadness
আমি আজকে সকালে তার সাথে কথা বলেছি ,ami ajke sokale tar sathe kotha bolechi,আই আজিয়া সকালত তার ফোয়ারিত হতা হইয়ি,ai ajiya sokalot tar foyarit hota hoiyi,Chittagong,I spoke to him this morning,realization
নতুনরা অনেক কিছু শিখতে পারবে  আশা করি,notunra onek kichu shikhte parbe asha kori,নতুনরা বউত কিচু শিকিত ফারিবো আশা গরি,notunra bout kichu shikit faribo asha gori,Chittagong,Hope newbies can learn a lot,optimism
রাতের বেলায় হাসপাতালে আসতে চাইলাম সেখানেও বাধা,rater belay hospital e aste cailam sekhaneo badha,লাতিয়া হাসফাতালত আইতে সাইলাম ইয়ানতও বাধা,latiya hospitalot aite sailam iyanto badha,Chittagong,I wanted to come to the hospital at night but there was also a barrier,desire
"খুবই বড়ো লাইব্রেরি সন্দেহ নেই, ব্যবস্থাও খুব ভালো","khubi boro llibrary sondeho nei, bebosthao khub valo","বহুত ডর লাইব্রেরি হোন সন্দেহ নাই, ব্যবস্থা  বহুত ভালা","bohut dor library hono sondeh nai, bebostha  bohut vala",Chittagong,"Very big library no doubt, system is also very good",disapproval
"বাহ্, এমন খেলা বহুদিন দেখিনি","bah, emon khela bohudin dekhini",বাহ এইল্লে হেলা বহু দিন নো দেহি,bah eille hela bohu din no dehi,Chittagong,"Wow, I haven't seen a game like this in a long time",surprise
মজা করে অন্য ছেলের কথা বলে তাকে চেতাইছি অনেক,moja kore onno cheler kotha bole take cetaichi onek,মজা গরিয়েরে তারে অন্য ফোয়ার হতা হইয়েরে চেতাইয়ি বহুত,moja goriyere tare onno foyar hota hoiyere chetaiyi bohut,Chittagong,I teased him a lot by joking about other boys,amusement
এই সাহস আমার নাই,ei shahos amar nai,এই সাহস কান আর নাই,ei sahos kan ar nai,Chittagong,I don't have this courage,disapproval
সুখী হতে হলে অপ্রয়োজনীয় অনেক কিছু ভুলে যেতে হয়,sukhi hote hole oproyojonio onek kichu vule jete hoy,সুখী অইত সাইলে অপ্রয়োজনীয় বহুত কিছু ভুলি যাইত অয়,sukhi oito saile oproyojoniyo bohut kichu vuli jaito oy,Chittagong,To be happy you have to forget many unnecessary things,joy
আমি আজকে সকালে তার সাথে কথা বলেছি ,ami ajke sokale tar sathe kotha bolechi,আই আজিয়া সকালত তার ফোয়ারিত হতা হইয়ি,ai ajiya sokalot tar foyarit hota hoiyi,Chittagong,I spoke to him this morning,realization
আমার বোন কেন এই পথে পা বাড়ালো জানাজানি হলে কিভাবে মুখ দেখাবো সেই চিন্তায় ঘুমাতে পারছি না,amar bon keno ei pothe pa baralo janajani hole kivabe mukh dekhabo sei cintay ghumate parchi na,আর ভোইন কিল্লাই এই ফোতত ফা বাড়াইয়ে জানাজানি অইলে কেনে মুখ দেহাইয়ুম সেই চিন্তায় গুম যাইন্নফারির,ar voin killai ei fotot fa baraiye janajani oile kene mukh dehaiyum sei chintay gum jainnfarir,Chittagong,I can't sleep worrying about how I will show my face if I find out why my sister took this path,fear
আমি আপনাকে ধন্যবাদ জানাতে চাই,ami apnake dhonnobad janate chai,আঁই অনরে দইন্যবাদ জানাতাম চাই,ai onre doinnobad janatam chai,Chittagong,I want to thank you,gratitude
কেক এর উপর লেখা ছিল শুভ জন্মদিন আমার বউ,cake er upor lekha chilo shuvo jonmodin amar bou,কেকের উদ্দি লেখা আসিল দে শুভ জন্মদিন আর বউ,cake uddi lekha asilo de shuvo jonmodin ar bou,Chittagong,Happy birthday my wife was written on the cake,excitement
সবাইকে স্বাগতম,shobaike shagotom,বেয়াক্কুনর স্বাগতম ,beyakkunor shagotom,Chittagong,Welcome everyone,gratitude
পরে আপনার অনেক আফসোস হবে  ,pore apnar onek afsos hobe,ফরে অনর বউত আফসোস অইব,fore onor bout afsos oibo,Chittagong,You will regret it later,remorse
ছেলেটি মেয়েটাকে এখনো ভালবাসার চোখে দেখেনি,cheleti meyetake ekhno valobasar cokhe dekheni,ফোয়াইবা মাইফোয়া ইবারে আইযো বালবাসার চোকে ন দেহে,foyaiba maifoya ibare aijjo balobasar choke no dehe,Chittagong,The boy has not yet seen the girl in the eyes of love,love
আমি ক্ষমা চাইছি,ami khoma chaichi,আই মাফ চাই,ai maf chai,Chittagong,I apologize,remorse
তোমাকে আমি ধন্যবাদ জানাতে চাই,tomake ami dhonnbad janate chai,তোয়ারে আই ধন্যবাদ জানাইতাম চাই ,toyare ai dhonnobad janaitam cai,Chittagong,I want to thank you,gratitude
তুমি কি খেলাধুলায় ভালো?,tumi ki kheladhulay valo?,তুঁই কি কেলাদুলাত বালা নে?,tui ki keladulat bala ne?,Chittagong,Are you good at sports?,curiosity
"বাহ্, এমন খেলা বহুদিন দেখিনি","bah, emon khela bohudin dekhini",বাহ এইল্লে হেলা বহু দিন নো দেহি,bah eille hela bohu din no dehi,Chittagong,"Wow, I haven't seen a game like this in a long time",surprise
পরে আপনার অনেক আফসোস হবে  ,pore apnar onek afsos hobe,ফরে অনর বউত আফসোস অইব,fore onor bout afsos oibo,Chittagong,You will regret it later,remorse
একটা সময় পর বুঝলাম যে আমরা একে অপরকে চাই,ekta somoy por bujhlam je amra eke oporke chai,এক্কান সময় ফর বুঝিলাম যে আই একে অফরকে চাইর,ekkan somoy for bujhilam je ai eke oforke chair,Chittagong,After a while I realized that we want each other,realization
আমার জীবন আমি তোমাকে নিয়ে বাঁচার জন্য দিব,amar jibon ami tomake niye bachar jonno dibo,আর জীবন আই তোয়ারেলই বাইচতাম দিউম,ar jibon ai toyareli baictam dium,Chittagong,I will give my life to live with you,caring
আমার সকালে কিছু খেতে  ভালো লাগে না,amar sokale kichu khete  valo lage na,আরে সকালোত হিছু খাইত গম নো লাগে,are sokalot hichu khait gom no lage,Chittagong,I don't like to eat anything in the morning,disapproval
আমি চাচ্ছি ট্রেনিং থেকে ফিরেই তাকে বিয়ে করতে,ami chacchi training  theke firei take biye korte,আই যাইর ট্রেনিং অত আইয়েরে বিয়া গইজ্জুম।,ai jair training oto aiyere biya goijjum,Chittagong,I want to marry him after training,desire
তোমার ভাই পড়ালেখাতে অনেক মেধাবি ,tomar vai poralekhate onek medhabi,তোয়ার ভাই ফন্নাফরনত বহুত মেধাবি ,toyar vai fonnaforonot bohut medhabi,Chittagong,Your brother is very talented in studies,admiration
আমার বোনকে কিভাবে এই পথ থেকে সরিয়ে আনবো কিছুই বুঝতে পারছি না,amar bonke kivabe ei poth theke soriye anbo kichui bujhte parchi na,আর ভোইনেরে কেনে এই ফতেত্তুন সরাই আইন্নুম হনক্কিসু নো বুজির,ar voinere kene ei fotettun sorai ainnum honokkisu no bujir,Chittagong,I don't know how to get my sister out of this way,confusion
আমার আম্মু আগের তুলনায় এখন অনেক ভালো আছেন,amar ammu ager tulonay ekhon onek valo achen,আর আম্মু আগর তুলনায় এহন বহুত ভালো আসে দে,ar ammu agor tulonay ehon bohut valo ase de,Chittagong,My mom is much better now than before,approval
আমার এখন বইটা লাগবে নাহ,amar ekhon boita lagbe nah,আঁর এহন বইওয়া ন লাগিবো,ar ehon boioya no lagibo,Chittagong,I don't need the book now,disapproval
আমি তাদেরই একজন হতে চাই ,ami taderi ekjon hote chai,আঁই তারার একযন অইত চায়,ai tarar ekojon oito cay,Chittagong,I want to be one of them,desire
আমি কিভাবে বুঝতাম যে মানুষগুলো সঠিক না,ami kivabe bujhtam je manushgulo sothik na,আই কেনে বুজিত্তাইত্তাম মানুষ তারা সঠিক নো,ai kene bujittaittam manush tara sothik no,Chittagong,How do I know that people are not right?,confusion
ছেলেরা ভালোবাসার অভিনয় করতে করতে যে কখন সত্যি সত্যি ভালোবেসে ফেলে তারা তা নিজেও জানেনা,chelera valobasar ovinoy korte korte je kokhon sotti sotti valobeshe fele tara ta nijeo janena,ফোয়াওক্কল বালবাসার অবিনয় গইরতে গইরতে হত্তে যে আঁচা আঁচা বালবাসি ফেলাই ইতারা নিজেরাও হইত ন ফারে,foyaokkol balobasar obinoy goirte goirte hotte je aca aca balobasi felai itara nijerao hoito no fare,Chittagong,Boys don't even know when they are really in love while pretending to be in love,love
আমার গাড়ির রঙ হলো লাল,amar garir rong holo lal,আঁর গারির রং হালা,ar garir rong hala,Chittagong,My car color is red,neutral
আপনার কি বই পড়ার অভ্যাস আছে ?,apnar ki boi porar ovvas ache ?,অনর কি বই ফরার অব্বাস আচে নে,onor ki boi forar obbas ahce ne,Chittagong,Do you have a habit of reading books?,curiosity
এই গানটা যে কতো বার যে শুনেছি তার কোনো হিসেব নেই,ei ganta je koto bar je shunechi tar kono hiseb nei,এই গানইবাযে হতবার ফুইন্নি তার ইসাব নেই,ei ganibaje hotobar fuinni tar isab nei,Chittagong,I can't count how many times I have listened to this song,confusion
বিয়েতে আমার মত নাই ,biyete amar mot nai,বিয়াত আঁর মত নাই,biyat ar mot nai,Chittagong,I don't like marriage,disapproval
আমি যে মানুষটিকে ভালোবাসব তাকে যদি না বুঝতে পারি তাহলে এই প্রেমের কোনো অর্থ আছে বলে মনে হয় না,ami je manushtike valobashi take jodi na bujhte pari tahole ei premer kono ortho ache bole mone hoy na,আঁই যে মানুষ্যারে বালবাইসসম ইতারে যদি বুজিত ন ফারি তইলে এই ফ্রেমর হনো অর্ত আচে বলি মনে ন অয়,ai je manushhare balobaissom itare jodi bujit no fari taile ei fremor hono orto ace boli mone no oy,Chittagong,If I don't understand the person I love then this love doesn't seem to have any meaning,love
ঐ মহিলা আর সে মিলে আমাকে গালিগালাজ করতে থাকে,oi mohila ar se mile amake galigalaj korte thake,ঐ বেডীর ওদ্দে ইতে মিলি আরে গালাগালি গরার তাকে,oi bedir odde ite mili are galagali gorar take,Chittagong,That woman and he started abusing me together,annoyance
তুমি কি আমার জন্য অপেক্ষা করতে পারবে ?,tumi ki amar jonno opekkha korte parbe ?,তুই কি আরলাই অফেক্ষা গরিত্তারি বানা?,tui ki arlai ofekkha gorittari bana?,Chittagong,can you wait for me,excitement
আজকে আমার মন ভালো নেই,ajke amr mon valo nei,আযিয়া আর মন বালা নাই?,ajiya ar mon bala nai?,Chittagong,I'm not feeling well today,disapproval
কাল ঘটনাটা শোনার পর থেকে আমার দম বন্ধ লাগছিল,kal ghotonata shonar por theke amar dom bondho lagchilo,হালিয়া ঘটনাকান ফুনিবার ফরত্তুন আর দম বন্দ লার,haliya ghotonakan funibar forottun ar dom bondo lar,Chittagong,I felt choked up after hearing the incident yesterday,fear
প্রতিবারই আশা করতাম যে ভালো হয়ে গেছে,protibari asha kortam je valo hoye geche,ফ্রতিবারই আসা গইত্তেম ভালা অই গিয়ই,frotibari asa gittem vala oi giyi,Chittagong,Each time I hoped that it would get better,optimism
তোমার  সাথে কথা বলে আমার অনেক ভালো লাগলো,tomar  sathe kotha bole amar onek valo laglo,তোয়ার ফোয়ারিত হতা হইয়েরে আত্তুন বহুত গম লাগেদে,toyar foyarit hota hoiyere attun bohut gom lagede,Chittagong,I enjoyed talking with you,joy
আমি নাকি মারা গেলে তার একটি আফসোস থাকবে শুধু আমি নাকি তাকে বুঝিনি কখনো,ami naki mara gele tar ekti afsos thakbe shudhu ami naki take bujhini kokhono,আই নাকি মরি গেলে তার এক্কান আফসোস তাকিবো ইন অইলদেকি আই নাকি তারে হোন দিন নো বিঝি,ai naki mori gele tar ekkan afsos takibo in oildeki ai naki tare hon din no bijhi,Chittagong,"If I am dead, he will have one regret that I am the only one who never understood him",remorse
আমার সিদ্ধান্ত ভুল না সঠিক তা জানিনা,amar siddhanto vul na sothik ta janina,আর সিদ্ধান্ত গম না হারাফ তা নো জানি,ar siddhanto gom na haraf ta no jani,Chittagong,I don't know whether my decision is right or wrong,confusion
আমি  সবাইকে বুঝিয়ে বুঝিয়ে ক্লান্ত যে আমার আম্মু  এরকম কিছু করে  নাই,ami  sobaike bujhiye bujhiye klanto je amar ammu  erokom kichu kore  nai,আই বেয়াক্কুনর বুঝাইয়েরে ক্লান্ত যে আর আম্মু এইল্লে কিছু গরি নাই,ai beyakkunor bujhaiyere klanto je ar ammu eille kichu gori nai,Chittagong,I'm tired of explaining to everyone that my mom never did anything like that,disappointment
বুঝে উঠতে পারছিলাম না কী করবো,bujhe uthte parchilam na ki korbo,বুঝি উঠিন্ন ফারির কেন গইজ্জুম,bujhi uthinno farir ken goijjum,Chittagong,I could not understand what to do,confusion
তােকে ধন্যবাদ এমন ভালাে একটি বইয়ের খোজ দেওয়ার জন্য,toke dhonnobad emon valo ekti boiyer khoj deoyar jonno,তাহেররে দন্যবাদ এন বালা ওজ্ঞা বইওর কোয দিবার লাই,taherre donnobad en bala ogga boior koj dibar lai,Chittagong,Thanks for finding such a good book,gratitude
ছেলেটি কেন যে মেয়েটার মনের কথা বুঝে না,cheleti keno je meyetar moner kotha bujhe na,ফোয়াইবা কিল্লাই যে মাইফোয়া ইবার মনোর হতা ন বুযে,foyaiba killai je maifoya ibar monor hota no buje,Chittagong,Why the boy does not understand the girl's mind,confusion
উনাদের মা ছেলের সম্পর্ক খারাপ এর প্রভাব আমার উপর আসে,unader ma cheler somporko kharap er provab amar upor ase,ইতারার মা ফোয়ার সম্পর্ক হারাপ ইয়েনোর প্রভাব আর উওরত আইয়ে,itarar ma foyar somporko harap iyenor provab ar uttorot aiye,Chittagong,Their bad mother-son relationship affects me,annoyance
কেক এর উপর লেখা ছিল শুভ জন্মদিন আমার বউ,cake er upor lekha chilo shuvo jonmodin amar bou,কেকের উদ্দি লেখা আসিল দে শুভ জন্মদিন আর বউ,cake uddi lekha asilo de shuvo jonmodin ar bou,Chittagong,Happy birthday my wife was written on the cake,excitement
আমি আপনার কাছে আসতে চাই,ami apnar kache aste chai,আঁই অনর হাচে আইত চাই,ai onor hace ait cai,Chittagong,I want to come to you,desire
মানুষ আসলে বড়ই অদ্ভুত,manush asole boroi odvut,মানষ বাস্তবে বরই অদবুত,manosh bastobe boroi odbut,Chittagong,People are really weird,disgust
এই কাহিনী পুরোটা শুনে আমি অবাক,ei kahini purota shune ami obak,এই কাহিনি ইয়ান ফুনিয়েরে অভাক অইলাম,ei kahini iyan funiyere ovak oilam,Chittagong,I am surprised to hear this whole story,surprise
আকাশে তারাগুলি আমাদেরকে আশা দেয়,akashe taraguli amaderke asha dey,আস্সান অর তারাগুন আঁরারে আশা দে,assan or taragun arare asha de,Chittagong,The stars in the sky give us hope,optimism
এই বকা ছেলেটি দুইদিন ধরে পড়ালেখা করছে না,ei boka cheleti duidin dhore poralekha korche na,এই বকা ফয়া ইবা দুইদিন ধরি ফন্না ন ফরের,ei boka foya iba duidin dhori fonna n forer,Chittagong,This stupid boy has not studied for two days,anger
আহারে তোমার মনে কতো দুঃখ,ahare tomar mone koto dukkho,আহারে তোঁয়ার মন অত হত দুক্ক,ahare toyar mon oto hoto dukko,Chittagong,"Oh, how sad you are",sadness
তোমাদের বাসা কোথায়?,tomader basa kothay?,তোঁয়ারার বাসা হডে,toyarar basa hode,Chittagong,Where is your home?,curiosity
আমি পর পর ৩ বছর তাকে সারপ্রাইজ দিয়েছি জন্মদিনে,ami por por 3 bochor take surprise diyechi jonmodine,আই ফর ফর ৩ বছর তারে সারপ্রাইজ দিয়ি জন্মদিন,ai for for ৩ bochor tare surprise diyi jonmodin,Chittagong,I gave him a surprise on his birthday for 3 consecutive years,surprise
গতকাল রাতে আমাকে বলে দিলো আমি নাকি বেইমান,gotokal rate amake bole dilo ami naki beiman,গতহাল লাতিয়া আরে হই দিয়ে আই নাকি বেইমান,gotohal latiya are hoi diye ai naki beiman,Chittagong,Last night he told me that I was dishonest,disappointment
মানুষ আসলে বড়ই অদ্ভুত,manush asole boroi odvut,মানষ বাস্তবে বরই অদবুত,manosh bastobe boroi odbut,Chittagong,People are really weird,disgust
তার দেয়া কথা গুলা মাঝে মাঝে মনে পড়লে অনেক হাসি আসে,tar deya kotha gula majhe majhe mone porle onek hashi ase,তার হতা বাত্রা মাঝদ্দি মনত ফরিলে বহুত আসি আইয়ে,tar hota batra majhoddi monot forile bohut asi aiye,Chittagong,"When I remember his words sometimes, I smile a lot",joy
আমি তো বোকাই ,ami to bokai,আই তো বলদ,ai to bolod,Chittagong,I'm stupid,anger
চাঁদের আলো দেখতে আমার খুব ভালো লাগে,chader alo dekhte amar khub valo lage, চাদর আলো দেখিতে আর খুব ভাল লাগে দে,chador alo dekhite ar khub valo lage de,Chittagong,I love to see moonlight,love
নিজের দোষ খুঁজে পাওয়া খুব কষ্টকর,nijer dosh khuje paoya khub koshtokor,নিজের দুশ খুজি ফোন বহুত হস্ট ,nijer dush khuji fon bohut hosto,Chittagong,It is very difficult to find fault with oneself,disappointment
আমি চাচ্ছি ট্রেনিং থেকে ফিরেই তাকে বিয়ে করতে,ami chacchi training  theke firei take biye korte,আই যাইর ট্রেনিং অত আইয়েরে বিয়া গইজ্জুম।,ai jair training oto aiyere biya goijjum,Chittagong,I want to marry him after training,desire
গরমের দিনে লবণ দিয়ে  শশা খেতে খুব ভালো লাগে,goromer dine lobon diye  shosha khete khub valo lage,গরমর দিনে লবণ দিয়েরে শশা হাইতে খুব গম লাগেদে,goromor dine lobon diyere shosha haite khub gom lagede,Chittagong,It is very good to eat cucumber with salt on hot days,admiration
তুমি একটা বোকা মেয়ে,tumi ekta boka meye,তুই এক্কান বোকা মাইয়া ফোয়া,tui ekkan boka maiya foya,Chittagong,you are a stupid girl,anger
একটা মেয়েও যদি তার বাবার দায়িত্ব পালন করে সেই ক্ষেত্রে সমস্যাটা কোথায় আমি জানিনা,ekta meyeo jodi tar babar dayitto palon kore sei khetre somossata kothay ami janina,এক্কান মাইয়াফোয়াও যদি তার বাফোর দায়িত্ব ফালন গরে ইয়েনত সমইস্যা হডে আই নো যানি,ekkan maiyafoyao jodi tar bafor dayitto falon gore iyenot somoissha hode ai no jani,Chittagong,I don't know where the problem is if a daughter also fulfills her father's duty,confusion
আমার নানা অসুস্থ ,amar nana osustho,আর নানা গম নাই,ar nana gom nai,Chittagong,My grandmother is sick,sadness
মানুষ আসলে বড়ই অদ্ভুত,manush asole boroi odvut,মানষ বাস্তবে বরই অদবুত,manosh bastobe boroi odbut,Chittagong,People are really weird,disgust
আমি আমার স্বামীর সাথে রাগ করি কেনো তাদের এরকম কথা কাটাকাটি হয়,ami amar samir sathe rag kori keno tader erokom kotha katakati hoy,আই আর যামাইর রাগ কিল্লাই গোরি ইতারার হোতা এইল্লে হাডাহাডি অয়,ai ar jamair rag killai gori itarar hota eille hadahadi oy,Chittagong,I am angry with my husband why they are arguing like this,anger
সবাইকে স্বাগতম,shobaike shagotom,বেয়াক্কুনর স্বাগতম ,beyakkunor shagotom,Chittagong,Welcome everyone,gratitude
উনাদের মা ছেলের সম্পর্ক খারাপ এর প্রভাব আমার উপর আসে,unader ma cheler somporko kharap er provab amar upor ase,ইতারার মা ফোয়ার সম্পর্ক হারাপ ইয়েনোর প্রভাব আর উওরত আইয়ে,itarar ma foyar somporko harap iyenor provab ar uttorot aiye,Chittagong,Their bad mother-son relationship affects me,annoyance
তুমি একটা বোকা মেয়ে,tumi ekta boka meye,তুই এক্কান বোকা মাইয়া ফোয়া,tui ekkan boka maiya foya,Chittagong,you are a stupid girl,anger
আমি ক্লাসের সব ছেলেদের  সাথেই মিশতাম,ami class er sob cheleder  sathei mishtam,আই ক্লাসর বেয়াক ফোয়ারিত মিশ্তাম,ai classor beyak foyarit mishtam,Chittagong,I got along with all the boys in the class,neutral
তোমাকে ছুয়ে দিতে চাই অনুমতি,tomake chuye dite chai onumoti,তোঁয়ারে চুইবর লাই চাই অনুমতি,toyare cuibor lai chai onumoti,Chittagong,I want permission to touch you,desire
বিড়াল খুব আরামপ্রিয় প্রাণী,biral khub arampriyo prani,বিলাই বউত আরাম ফ্রিয় ফ্রানি,bilai bout aram friyo frani,Chittagong,Cats are very comfortable animals,annoyance
চলো দুজনে মিলে সুখের  পৃথিবী সাজাই ,cholo dujone mile sukher prithibi sajai,আডো দুইযনে মিলি সুকর ফিতিবি সাযাই,ado duijone mili sukor fitibi sajai,Chittagong,Let's decorate the world of happiness together,joy
আমার বড় বোনকে আমি অনেক ভালবাসি,amar boro bonke ami onek valobashi,আঁর বর বইনকে আই বউত বালবাসি,ar boro boinke ai bout balobasi,Chittagong,I love my elder sister very much,love
কাল ঘটনাটা শোনার পর থেকে আমার দম বন্ধ লাগছিল,kal ghotonata shonar por theke amar dom bondho lagchilo,হালিয়া ঘটনাকান ফুনিবার ফরত্তুন আর দম বন্দ লার,haliya ghotonakan funibar forottun ar dom bondo lar,Chittagong,I felt choked up after hearing the incident yesterday,fear
আমার মায়ের রান্না অনেক মজার,amar mayer ranna onek mojar,আঁর মার রাঁদা বউত মযা,ar mar rada bout moja,Chittagong,My mother's cooking is very interesting,excitement
স্টোররুমটি নোংরা হয়ে আছে,storeroom ti nongra hoye ache,স্টোররুম ইয়ান বহুত ময়লা অই তাইক্কে,storeroom iyan bohut moyla oi taikke,Chittagong,The storeroom is dirty,disgust
সে রাগ করে আমার সাথে কথা বলে না,se rag kore amar sathe kotha bole na,সে রাগ গরিয়েরে আর হতা নো হয়,se rag goriyere ar hota no hoy,Chittagong,He doesn't talk to me in anger,anger
ঐ মহিলা আর সে মিলে আমাকে গালিগালাজ করতে থাকে,oi mohila ar se mile amake galigalaj korte thake,ঐ বেডীর ওদ্দে ইতে মিলি আরে গালাগালি গরার তাকে,oi bedir odde ite mili are galagali gorar take,Chittagong,That woman and he started abusing me together,annoyance
আমি অসুস্থ আমাকে একবারও জিগ্গেস করেনা আমি কেমন আছি,ami osustho amake ekbaro jigges korena ami kemon achi,আই অসুস্থ আরে একবারও জিজ্ঞেস নো গরে আই কেন আসি,ai osustho are ekbaro jigges no gore ai ken asi,Chittagong,I'm sick not once does Jigges ask me how I am,disappointment
আমার পরিবারের অর্থনৈতিক অবস্থা বর্তমানে খুব খারাপ,amar poribarer orthnoitik obostha bortomane khub kharap.,আরার ফরিবারর অর্থনৈতিক অবস্থা বর্তমানে খুব হারাফ,arar foribaror orthnoitik obostha bortomane khub haraf,Chittagong,My family's economic condition is very bad at present,disappointment
ছেলেটি কেন যে মেয়েটার মনের কথা বুঝে না,cheleti keno je meyetar moner kotha bujhe na,ফোয়াইবা কিল্লাই যে মাইফোয়া ইবার মনোর হতা ন বুযে,foyaiba killai je maifoya ibar monor hota no buje,Chittagong,Why the boy does not understand the girl's mind,confusion
আমার ৭ বছরের সব কিছু শেষ,amar ৭ bochrer sob kichu shesh,আর ৭ বছরর বেয়াক্কিসু শেষ,ar ৭ bochoror beyakkisu shesh,Chittagong,All my 7 years are over,neutral
সবাইকে স্বাগতম,shobaike shagotom,বেয়াক্কুনর স্বাগতম ,beyakkunor shagotom,Chittagong,Welcome everyone,gratitude
কাল ঘটনাটা শোনার পর থেকে আমার দম বন্ধ লাগছিল,kal ghotonata shonar por theke amar dom bondho lagchilo,হালিয়া ঘটনাকান ফুনিবার ফরত্তুন আর দম বন্দ লার,haliya ghotonakan funibar forottun ar dom bondo lar,Chittagong,I felt choked up after hearing the incident yesterday,fear
কিছু মানুষ অনেক স্বার্থপর হয়,kichu manush onek sarthopor hoy,কিছু মানুষ বহুত সারত ফত অয়দে,kichu manush bohut sarot fot oyde,Chittagong,Some people are very selfish,annoyance
তুমি আমার কাছে  ক্ষমা চাও,tumi amar kache  khoma chao,তুই আর হাসত ক্ষমা চো,tui ar hasot khoma cho,Chittagong,You apologize to me,remorse
পরে আপনার অনেক আফসোস হবে  ,pore apnar onek afsos hobe,ফরে অনর বউত আফসোস অইব,fore onor bout afsos oibo,Chittagong,You will regret it later,remorse
দাদি অবাক চোখে আমার দিকে তাকালেন,dadi obak cokhe amar dike takalen,দাদিি অভাক অইয়েরে আর মিক্কে সাই তাইক্কে,dadii ovak oiyere ar mikke sai taikke,Chittagong,Dadi looked at me with surprised eyes,surprise
আম্মুর জন্য বেশি খারাপ লাগছে,ammur jonno beshi kharap lagche,আম্মুর লাই বেশি ফেট ফূরের,ammur lai beshi fet furer,Chittagong,I feel worse for mom,disgust
স্টোররুমটি নোংরা হয়ে আছে,storeroom ti nongra hoye ache,স্টোররুম ইয়ান বহুত ময়লা অই তাইক্কে,storeroom iyan bohut moyla oi taikke,Chittagong,The storeroom is dirty,disgust
মেয়েটিকে দেখে ছেলে ভয় পেয়ে যায়,meyetike dekhe chele voy peye jay,মাইয়াফোয়া ইবারে দেহিয়েরে ডর ফাইয়ে,maiyafoya ibare dehiyere dor faiye,Chittagong,Boy gets scared seeing the girl,fear
আমি নাকি মারা গেলে তার একটি আফসোস থাকবে শুধু আমি নাকি তাকে বুঝিনি কখনো,ami naki mara gele tar ekti afsos thakbe shudhu ami naki take bujhini kokhono,আই নাকি মরি গেলে তার এক্কান আফসোস তাকিবো ইন অইলদেকি আই নাকি তারে হোন দিন নো বিঝি,ai naki mori gele tar ekkan afsos takibo in oildeki ai naki tare hon din no bijhi,Chittagong,"If I am dead, he will have one regret that I am the only one who never understood him",remorse
মেয়েটিকে দেখে ছেলে ভয় পেয়ে যায়,meyetike dekhe chele voy peye jay,মাইয়াফোয়া ইবারে দেহিয়েরে ডর ফাইয়ে,maiyafoya ibare dehiyere dor faiye,Chittagong,Boy gets scared seeing the girl,fear
স্টোররুমটি নোংরা হয়ে আছে,storeroom ti nongra hoye ache,স্টোররুম ইয়ান বহুত ময়লা অই তাইক্কে,storeroom iyan bohut moyla oi taikke,Chittagong,The storeroom is dirty,disgust
আর এবছর সে বিশাল করে সারপ্রাইজ দিয়েছে আমাকে,ar ebochor se bishal kore surprise diyeche amake,আর এই বছরত যেই বিশাল গরিয়েরে সারপ্রাইজ দিয়ে আরে,ar ei bochorot jei bishal goriyere surprise diye are,Chittagong,And this year he gave me a big surprise,surprise
স্টোররুমটি নোংরা হয়ে আছে,storeroom ti nongra hoye ache,স্টোররুম ইয়ান বহুত ময়লা অই তাইক্কে,storeroom iyan bohut moyla oi taikke,Chittagong,The storeroom is dirty,disgust
আজকে স্কুলে তোমাদের কি কি পড়িয়েছে? ,ajke school e tomader ki ki poriyeche?,আজিয়া স্কুলত তোয়ারারে কি ফরাইয়ে?,ajiya schoolot toyarare ki foraiye?,Chittagong,What did you learn at school today?,curiosity
এই কাহিনী পুরোটা শুনে আমি অবাক,ei kahini purota shune ami obak,এই কাহিনি ইয়ান ফুনিয়েরে অভাক অইলাম,ei kahini iyan funiyere ovak oilam,Chittagong,I am surprised to hear this whole story,surprise
আপনি কি বাংলা কবিতা লিখতে পারেন?,apni ki bangla kobita likhte paren?,অনে কি বাংলা কবিতা লেকিত ফার অন,one ki bangla kobita lekit far on,Chittagong,Can you write Bengali poetry?,curiosity
সবাইকে স্বাগতম,shobaike shagotom,বেয়াক্কুনর স্বাগতম ,beyakkunor shagotom,Chittagong,Welcome everyone,gratitude
তোমার পাশে  থাকলে আমি কল্পনার চেয়েও বেশি সুখী থাকি,tomar pashe  thakle ami kolponar cheyeo beshi sukhi thaki,তোয়ার ফাশত থাকিলে আই হলফনার চাইতেও বেশি সুখী,toyar fashot thakile ai holfonar chaiteo beshi sukhi,Chittagong,I am happier than I can imagine when I am by your side,joy
একটা সময় পর বুঝলাম যে আমরা একে অপরকে চাই,ekta somoy por bujhlam je amra eke oporke chai,এক্কান সময় ফর বুঝিলাম যে আই একে অফরকে চাইর,ekkan somoy for bujhilam je ai eke oforke chair,Chittagong,After a while I realized that we want each other,realization
তুমি কি চাকরি করছো এখনো?,tumi ki chakri korcho ekhno?,তুঁই কি চ অরি গরর নিকি এইযো,tui ki co ori goror niki eijjo,Chittagong,Are you still working?,curiosity
আমরা সেখানে অনেক মজা করব,amra sekhane onek moja korbo,আঁরা এডে বউত মজা গইরগম,ara ede bout moja goirogom,Chittagong,We will have a lot of fun there,amusement
তুই আমার জন্য কী ভালোবাসতে পারবি?,tui amar jonno ki valobashte parbi?,তুই আঁর লাই কি বালবাসিত ফারিবি নে?,tui ar lai ki balobasit faribi ne?,Chittagong,What can you love for me?,love
আমাকে দেখে খুব খুশি হলো,amake dekhe khub khushi holo,আরে দেহিয়েরে খুব খুশি অইয়ে,are dehiyere khub khushi oiye,Chittagong,Very happy to see me,joy
একটা সময় পর বুঝলাম যে আমরা একে অপরকে চাই,ekta somoy por bujhlam je amra eke oporke chai,এক্কান সময় ফর বুঝিলাম যে আই একে অফরকে চাইর,ekkan somoy for bujhilam je ai eke oforke chair,Chittagong,After a while I realized that we want each other,realization
আকাশে তারাগুলি আমাদেরকে আশা দেয়,akashe taraguli amaderke asha dey,আস্সান অর তারাগুন আঁরারে আশা দে,assan or taragun arare asha de,Chittagong,The stars in the sky give us hope,optimism
তুমি বোকা একজন মানুষ,tumi boka ekjon manush,তুঁই একযন ডিলা মানুষ,tui ekjon dila manush,Chittagong,You are a stupid man,anger
আপনি ফুটবল খেলায় হেরে গেলেন,apni football khelay here gelen,অনে ফুটবল হেলা হারি গেইলেন,one football hela hari geilen,Chittagong,You lost the football game,sadness
যদি আমি ভুল করি তাহলে আমাকে দয়া করে শুধরে দিবেন,jodi ami vul kori tahole amake doya kore shudhre diben,যদি আঁই বুল গরি তইলে দয়া গরি আঁরে শুদরাই দিয়ন,jodi ai bul gori toile doya gori are shudrai diyon,Chittagong,Please correct me if I am wrong,optimism
তুমি আমার কাছে  ক্ষমা চাও,tumi amar kache  khoma chao,তুই আর হাসত ক্ষমা চো,tui ar hasot khoma cho,Chittagong,You apologize to me,remorse
দাদি অবাক চোখে আমার দিকে তাকালেন,dadi obak cokhe amar dike takalen,দাদিি অভাক অইয়েরে আর মিক্কে সাই তাইক্কে,dadii ovak oiyere ar mikke sai taikke,Chittagong,Dadi looked at me with surprised eyes,surprise
আমি তোমার মনের কথা বুঝি না,ami tomar moner kotha bujhi na,আঁই তোয়াঁর মন অর হতা বুজি,ai toyar mon or hota buji,Chittagong,I don't understand your mind,confusion
আমি নাকি মারা গেলে তার একটি আফসোস থাকবে শুধু আমি নাকি তাকে বুঝিনি কখনো,ami naki mara gele tar ekti afsos thakbe shudhu ami naki take bujhini kokhono,আই নাকি মরি গেলে তার এক্কান আফসোস তাকিবো ইন অইলদেকি আই নাকি তারে হোন দিন নো বিঝি,ai naki mori gele tar ekkan afsos takibo in oildeki ai naki tare hon din no bijhi,Chittagong,"If I am dead, he will have one regret that I am the only one who never understood him",remorse
আপনি  কি এই বইটি পড়তে চান  ?,apni ki ei boiti porte chan ?,অনে কি বইইবা ফইরতো চন নে,one ki boi iba foirto chon ne,Chittagong,Do you want to read this book?,curiosity
ব্রাজিল ফুটবল দল একটি শক্তিশালী দল,Brazil football dol ekti shoktishali dol,ব্রাজিল ফুটবলত একজ্ঞো শক্তিশালী দল ,brazil footballot ekoggo shoktishali dol ,Chittagong,Brazil football team is a strong team,admiration
সে পরের মাসে বিদেশ চলে যাবে,se porer mase bidesh chole jabe,ইতে ফরের মাসোত বিদেশ যাইবো গয়,ite forer mashot bidesh jaibo goy,Chittagong,He will go abroad next month,neutral
আজ অনেক মজা হল,aj onek moja holo,আযিয়া বউত মযা অইয়্যে,ajiya bout moja oiye,Chittagong,Today was a lot of fun,amusement
আমার পরিবারের অর্থনৈতিক অবস্থা বর্তমানে খুব খারাপ,amar poribarer orthnoitik obostha bortomane khub kharap.,আরার ফরিবারর অর্থনৈতিক অবস্থা বর্তমানে খুব হারাফ,arar foribaror orthnoitik obostha bortomane khub haraf,Chittagong,My family's economic condition is very bad at present,disappointment
তোমাদের সকলের দোয়া চাই,tomader sokoler dowa chai,তোঁয়ারার বেজ্ঞুনর দোয়া চাই,toyarar beggunor doya cai,Chittagong,I want all of you to pray,caring
আমি আজকে সকালে তার সাথে কথা বলেছি ,ami ajke sokale tar sathe kotha bolechi,আই আজিয়া সকালত তার ফোয়ারিত হতা হইয়ি,ai ajiya sokalot tar foyarit hota hoiyi,Chittagong,I spoke to him this morning,realization
আম্মুর জন্য বেশি খারাপ লাগছে,ammur jonno beshi kharap lagche,আম্মুর লাই বেশি ফেট ফূরের,ammur lai beshi fet furer,Chittagong,I feel worse for mom,disgust
আমার কফি বেশি পছন্দ ,amar coffee beshi pochondo,আঁর কপি বেশি পচন্দ,ar kopi beshi pocondo,Chittagong,I prefer coffee,approval
আমরা এতটাও ভালো না,amra etotao valo na,আঁরা এতবর বালা নই,ara etobor bala noi,Chittagong,We're not that good,disapproval
স্টোররুমটি নোংরা হয়ে আছে,storeroom ti nongra hoye ache,স্টোররুম ইয়ান বহুত ময়লা অই তাইক্কে,storeroom iyan bohut moyla oi taikke,Chittagong,The storeroom is dirty,disgust
দাদি অবাক চোখে আমার দিকে তাকালেন,dadi obak cokhe amar dike takalen,দাদিি অভাক অইয়েরে আর মিক্কে সাই তাইক্কে,dadii ovak oiyere ar mikke sai taikke,Chittagong,Dadi looked at me with surprised eyes,surprise
তােকে ধন্যবাদ এমন ভালাে একটি বইয়ের খোজ দেওয়ার জন্য,toke dhonnobad emon valo ekti boiyer khoj deoyar jonno,তাহেররে দন্যবাদ এন বালা ওজ্ঞা বইওর কোয দিবার লাই,taherre donnobad en bala ogga boior koj dibar lai,Chittagong,Thanks for finding such a good book,gratitude
কাল ঘটনাটা শোনার পর থেকে আমার দম বন্ধ লাগছিল,kal ghotonata shonar por theke amar dom bondho lagchilo,হালিয়া ঘটনাকান ফুনিবার ফরত্তুন আর দম বন্দ লার,haliya ghotonakan funibar forottun ar dom bondo lar,Chittagong,I felt choked up after hearing the incident yesterday,fear
তুমি আর আমার নেই আমি এটা মানতে পারছি না,tumi ar amar nei ami eta mante parchi na,তুতুঁই আর আঁর নাই ইয়ান মানি লত ন ফারির,tutui ar ar nai iyan mani lot no farir,Chittagong,I can't accept that you are no longer mine,disapproval
আজকের আবহাওয়টা অনেক সুন্দর,ajker abhaoyata onek shundor,আযিয়ার আবহাওয়াওয়ান বউত সুন্দর,ajiyar abohaoyaoyan bout sundor,Chittagong,Today's weather is very nice,admiration
বিষয়টি আসলেই দুশ্চিন্তার,bishoyti asolei dushchintar,বিষয়য়ান আসলে দুচ্চিন্তার,bishoyyan asole duccintar,Chittagong,This is really worrying,fear
আমি আপনার জন্য অপেক্ষা করতে পারি,ami apnar jonno opekkha korte pari,আঁই অনর লাই আফেক্কা গরিত ফারি,ai onor lai afekka gorit fari,Chittagong,I can wait for you,excitement
কোন বিষয় নিয়ে আমার রাগ থাকলে আমি কিছু বললেও উনি চুপ করে থেকে আমাকে বুঝায়,kono bishoy niye amar rag thakle ami kichu bolleo uni cup kore theke amake bujhay,হোন বিষয় লইয়েরে রাগ গরিলে আই কিছু হইলেউনি চুপ তাহে আরে বুঝার,hon bishoy loiyere rag gorile ai kichu hoileuni chup tahe are bujhar,Chittagong,"If I am angry about something, even if I say something, he keeps quiet and understands me",anger
আপনি নিজে কিছু একটা করেন,apni nije kichu ekta koren,অনে নিজে কিছু এক্কা গরন,one nije kichu ekka goron,Chittagong,You do something yourself,caring
স্টোররুমটি নোংরা হয়ে আছে,storeroom ti nongra hoye ache,স্টোররুম ইয়ান বহুত ময়লা অই তাইক্কে,storeroom iyan bohut moyla oi taikke,Chittagong,The storeroom is dirty,disgust
ব্রাজিল ফুটবল দল বিশ্বসেরা,Brazil football dol bisshosera,ব্রাজিল ফুটবল দল বিশ্ব সেরা,brazil football dol bissho sera,Chittagong,Brazil football team is the best in the world,admiration
আমি অনেক চেষ্টা করেছি যে আমার কোন ভুল আছে কিনা,ami onek cheshta korechi je amar kono vul ache kina,আই বঊত চেষ্টা গইজ্জি যে আর হোনো বুল আছে কিনা,ai bout cheshta gijji je ar hono bul ache kina,Chittagong,I've tried a lot to see if I'm doing something wrong,disappointment
নিজেকে যোগ্য করে গড়ে তুলতে পারেন,nijeke joggo kore gore tulte paren,নিজেরে যোগ্য গরিয়েরে তুলিত্তারিবান,nijere joggo goriyere tulittariban,Chittagong,You can make yourself qualified,caring
উনাদের মা ছেলের সম্পর্ক খারাপ এর প্রভাব আমার উপর আসে,unader ma cheler somporko kharap er provab amar upor ase,ইতারার মা ফোয়ার সম্পর্ক হারাপ ইয়েনোর প্রভাব আর উওরত আইয়ে,itarar ma foyar somporko harap iyenor provab ar uttorot aiye,Chittagong,Their bad mother-son relationship affects me,annoyance
প্রচণ্ড মাথা ব্যথা করছিলো,prochondo matha betha korchilo,মাতা হঁরাইলদি এএন ন,mata haraildi een no,Chittagong,Had a severe headache,sadness
"বিয়ের সময় বলছিলো ছেলে শিক্ষিত,ঢাকায় চাকরি করে","biyer somoy bolchilo chele shikkhito,dhakay chakri kore",বিয়ার সমত অইলো আরারে ফোয়া শিক্ষিত ঢাহাত চরি গরে,biyar somot oilo arare foya shikkhito dhahat chori gore,Chittagong,"At the time of marriage, the son said that he was educated and working in Dhaka",neutral
আমরা সবাই ঢাকায় থাকি,amra sobai dhakay thaki,আরা বেয়াক্কুন ঢাহাত তাকি,ara beyakkun dhahat taki,Chittagong,We all live in Dhaka,neutral
তোমাকে আমি ধন্যবাদ জানাতে চাই,tomake ami dhonnbad janate chai,তোয়ারে আই ধন্যবাদ জানাইতাম চাই ,toyare ai dhonnobad janaitam cai,Chittagong,I want to thank you,gratitude
মা মরে যাওয়ার পর বাবা খুব একা হয়ে গিয়েছে,ma more jaoyar por baba khub eka hoye giyeche,মার ইন্তেকালোর ফোর খুব এহলা অইগিয়ে,mar intekalor for khub ehla oigiye,Chittagong,"After the death of the mother, the father became very lonely",sadness
আমরা অপেক্ষা করব,amra opekkha korbo,আরা অফেক্ষা কইজ্জুম,ara ofekkha koijjum,Chittagong,We will wait,excitement
আমি অসুস্থ আমাকে একবারও জিগ্গেস করেনা আমি কেমন আছি,ami osustho amake ekbaro jigges korena ami kemon achi,আই অসুস্থ আরে একবারও জিজ্ঞেস নো গরে আই কেন আসি,ai osustho are ekbaro jigges no gore ai ken asi,Chittagong,I'm sick not once does Jigges ask me how I am,disappointment
দাদি অবাক চোখে আমার দিকে তাকালেন,dadi obak cokhe amar dike takalen,দাদিি অভাক অইয়েরে আর মিক্কে সাই তাইক্কে,dadii ovak oiyere ar mikke sai taikke,Chittagong,Dadi looked at me with surprised eyes,surprise
এখন তুমি আমার কাছে ক্ষমা চাও,ekhon tumi amar kache khoma chao,এহন তুই আর হাসে মাফ সদ্দে,ehon tui ar hase maf sodde,Chittagong,Now you apologize to me,remorse
উনাদের মা ছেলের সম্পর্ক খারাপ এর প্রভাব আমার উপর আসে,unader ma cheler somporko kharap er provab amar upor ase,ইতারার মা ফোয়ার সম্পর্ক হারাপ ইয়েনোর প্রভাব আর উওরত আইয়ে,itarar ma foyar somporko harap iyenor provab ar uttorot aiye,Chittagong,Their bad mother-son relationship affects me,annoyance
বাধ্য হয়ে ছেলে মেয়ে নিজেদের ইচ্ছায় বিয়ে করে নেয়,baddho hoye chele meye nijeder icchay biye kore ney,বাইদ্য অয় ফোয়া মাইয়্যা নিজরার ইচ্চাত বিয়া গরি ফেলাই,baiddo oy foya maiya nijrar icca biya gori felai,Chittagong,Boys and girls are forced to marry of their own accord.,neutral
আমি ভালো আছি,ami valo achi,আঁই গম আচি,ai gom aci,Chittagong,I am fine,approval
খাবারে লবণ কম হলে আরো ভালো লাগতো,khabare lobon kom hole aro valo lagto,হানাাত লবণ হম অইলে আরো গম লাগিত ,hanaat lobon hom oile aro gom lagito,Chittagong,It would have been better if there was less salt in the food,optimism
আশা করছি সব কিছু সমাধান হবে,asha korchi sob kichu somadhan hobe,আশা গরির বেয়াক্কিছু সমাধান অই যাইবোদে,asha gorir beyakkichu somadhan oi jaibode,Chittagong,Hope everything will be resolved,optimism
হঠাৎ শীত করে উঠল আমার,hothat shit kore uthlo amar,আতিক্কা আত্তুন শিত গরি উইট্টিল,atikka attun shit gori uittilo,Chittagong,I suddenly felt cold,fear
নানা আমাকে দেখে খুব খুশি হলো,nana amake dekhe khub khushi holo,নানা আরে চাই হুশি অইয়্যে,nana are chai hushi oiiyee,Chittagong,Nana was very happy to see me,joy
মানুষ আসলে বড়ই অদ্ভুত,manush asole boroi odvut,মানষ বাস্তবে বরই অদবুত,manosh bastobe boroi odbut,Chittagong,People are really weird,disgust
খাবারে লবণ কম হলে আরো ভালো লাগতো,khabare lobon kom hole aro valo lagto,হানাাত লবণ হম অইলে আরো গম লাগিত ,hanaat lobon hom oile aro gom lagito,Chittagong,It would have been better if there was less salt in the food,optimism
নতুনরা অনেক কিছু শিখতে পারবে  আশা করি,notunra onek kichu shikhte parbe asha kori,নতুনরা বউত কিচু শিকিত ফারিবো আশা গরি,notunra bout kichu shikit faribo asha gori,Chittagong,Hope newbies can learn a lot,optimism
তুমি এতো কিছু বুঝো কিভাবে,tumi eto kichu bujho kivabe,তুই এদুন কেনে বুঝোস?,tui edun kene bujhos?,Chittagong,How do you understand so much?,curiosity
তোমার হাতের লেখা অনেক সুন্দর ,tomar hater lekha onek shundor,তোঁয়ার আতর লেহা বউত সুন্দর,toyar ator leha bout sundor,Chittagong,Your handwriting is very beautiful,admiration
আমরা সেখানে অনেক মজা করব,amra sekhane onek moja korbo,আঁরা এডে বউত মজা গইরগম,ara ede bout moja goirogom,Chittagong,We will have a lot of fun there,amusement
আমার আব্বু বড় ভাইয়ের উপর রেগে গেছিলেন,amar abbu boro vaiyer upor rege gechilen,আর আব্বু ডর ভাই ইবার উফরত রাগি গেইয়ে,ar abbu dor vai ibar uforot ragi geiye,Chittagong,My father was angry with my elder brother,anger
আবেগ প্রবন মানুষ খুব বোকা হয়ে থাকে,abeg probon manush khub boka hoye thake,আবেগ ফ্রবন মানুষ বোত বোকা ওয় তাকে,abeg frobon manush bot boka oy take,Chittagong,Emotional people are very stupid,annoyance
আমার ঘুরতে অনেক ভালো  লাগে,amar ghurte onek valo  lage,আর গুরতো বহুত ভালা লাগে,ar gurto bohut vala lage,Chittagong,I like to travel a lot,love
রাতের বেলায় হাসপাতালে আসতে চাইলাম সেখানেও বাধা,rater belay hospital e aste cailam sekhaneo badha,লাতিয়া হাসফাতালত আইতে সাইলাম ইয়ানতও বাধা,latiya hospitalot aite sailam iyanto badha,Chittagong,I wanted to come to the hospital at night but there was also a barrier,desire
"বাহ্, এমন খেলা বহুদিন দেখিনি","bah, emon khela bohudin dekhini",বাহ এইল্লে হেলা বহু দিন নো দেহি,bah eille hela bohu din no dehi,Chittagong,"Wow, I haven't seen a game like this in a long time",surprise
আমার আর বাঁচতে ইচ্ছে করেনা জানেন,amar ar bachte icche korena janen,তুই জানো নে আত্তুন আর বাচিবার ইচ্ছে নো গরে,tui jano ne attun ar bachibar icche no gore,Chittagong,You know I don't want to live anymore,disapproval
"এই সব তেল আমাকে দিবা না, বিরক্ত লাগে","ei sob tel amake diba na, birokto lage","এরিম্মা ফাম আরে নো দিস, গম নো লাগে","erimma fam are no dis, gom no lage",Chittagong,"Don't give me all these oils, I feel bored",caring
এখন তুমি আমার কাছে ক্ষমা চাও,ekhon tumi amar kache khoma chao,এহন তুই আর হাসে মাফ সদ্দে,ehon tui ar hase maf sodde,Chittagong,Now you apologize to me,remorse
আমি সবসময় আমার গ্রামের মানুষদের পাশে থাকতে চাই,ami sobsomoy amar gramer manushder pashe thakte chai,আঁই এগাযা আঁর গেরামর মানুষওক্কলর ফাশে তাইক্তো চাই,ai egaja ar geramor manushokkolor fashe taikto chai,Chittagong,I always want to be with my village people,desire
আমি কার কাছে চাইবো?,ami kar kache chaibo?,আই হা্র কাছে চাইয়ুম,ai har kache chaiyum,Chittagong,Who should I ask?,curiosity
সবাইকে স্বাগতম,shobaike shagotom,বেয়াক্কুনর স্বাগতম ,beyakkunor shagotom,Chittagong,Welcome everyone,gratitude
আমি কাজে যেতে চাই না,ami kaje jete chai na,আই কাজোত যাইতো নো চাই,ai kajot jaito no chai,Chittagong,I don't want to go to work,disapproval
খুলনা জেলা কি অনেক সুন্দর? ,khulna jela ki onek sundor?, খুলনা জেলা কি বহুত সুন্দর নাকি?,khulna jela ki bohut sundor naki?,Chittagong,Khulna district is very beautiful?,admiration
তুমি কি আমার জন্য অপেক্ষা করতে পারবে ?,tumi ki amar jonno opekkha korte parbe ?,তুই কি আরলাই অফেক্ষা গরিত্তারি বানা?,tui ki arlai ofekkha gorittari bana?,Chittagong,can you wait for me,excitement
অনেক বড়লোক হতে চাই,onek borolok hote chai,বউত ডঅরমানুষ অইত চায়,bout dormanush oito cay,Chittagong,I want to be a big man,desire
সব বাধাকে পিছনে ফেলে আমি একাই হাসপাতালে এসেছি,sob badhake pichone fele ami ekai hospital e esechi,সব বাধা ফিচ্চে ফেলি এহলা হাসফাতালত আই গিয়ি,sob badha ficce feli ehla hospitalot ai giyi,Chittagong,"Leaving all obstacles behind, I came to the hospital alone",neutral
তোমাকে একটি গোলাপ ফুল কিনে দিবো,tomake ekti golap ful kine dibo,তোয়ারে এক্কান গোলাপ ফুল কিনি দিয়ুম,toyare ekkan golap ful kini diyum,Chittagong,I will buy you a rose flower,caring
বাসায় কাকে জানাবো কিভাবে জানাবো বুঝতেছিনা,basay kake janabo kivabe janabo bujhtechina,বাসাত হারে হইয়ুম কেনে হইয়ুম নো বুজির,basat hare hoiyum kene hoiyum no bujir,Chittagong,I don't know how to tell who to tell at home,confusion
আমার সিদ্ধান্ত ভুল না সঠিক তা জানিনা,amar siddhanto vul na sothik ta janina,আর সিদ্ধান্ত গম না হারাফ তা নো জানি,ar siddhanto gom na haraf ta no jani,Chittagong,I don't know whether my decision is right or wrong,confusion
দুই বেলা ডাল ভাত খেয়ে নিজের মত একা থাকা অনেক ভালো,dui bela dal vat kheye nijer moto eka thaka onek valo,বুই বেলাত দাইল ভাত হাইয়েরে নিজের ডইল্লে তন বহুত ভালা,bui belat dail vat haiyere nijer dille ton bohut vala,Chittagong,It is better to be alone like yourself after two meals of dal bhat,caring
সে খুবই খারাপ ছিল,se khubi kharap chilo,ইতে বর হারাফ আচিল,ite boro haraf acilo,Chittagong,He was very bad,disappointment
এখন তুমি আমার কাছে ক্ষমা চাও,ekhon tumi amar kache khoma chao,এহন তুই আর হাসে মাফ সদ্দে,ehon tui ar hase maf sodde,Chittagong,Now you apologize to me,remorse
তিশার জন্য সিন্দুক খোলা হলো,tishar jonno sinduk khola holo,তিশার লাও সিন্দুক খুইল্লি,tishar lao sinduk khuilli,Chittagong,The ark was opened for Tisha,amusement
আমি এখনই বিয়ে করে ফেলতে চাই,ami ekhni biye kore felte chai,আই এহনি বিয়া গইত্তাম চাইর,ai ehoni biya goittam chair,Chittagong,I want to get married now,desire
সে রাগ করে আমার সাথে কথা বলে না,se rag kore amar sathe kotha bole na,সে রাগ গরিয়েরে আর হতা নো হয়,se rag goriyere ar hota no hoy,Chittagong,He doesn't talk to me in anger,anger
এখন পর্যন্ত সবকিছু ঠিকমতো আয়োজন করছি,ekhon porjonto sobkichu thikmto ayojon korchi,এহন ফইরযন্ত বেজ্ঞিন টিকমতো আয়োজন গইরগি,ehon foirjonto beggin tikmoto ayojon goirgi,Chittagong,Everything is going well so far,approval
যদি আমি ভুল করি তাহলে আমাকে দয়া করে শুধরে দিবেন,jodi ami vul kori tahole amake doya kore shudhre diben,যদি আঁই বুল গরি তইলে দয়া গরি আঁরে শুদরাই দিয়ন,jodi ai bul gori toile doya gori are shudrai diyon,Chittagong,Please correct me if I am wrong,optimism
আমরা খুব খুশি,amra khub khushi,আঁরা কুব কুশি,ara kub kushi,Chittagong,We are very happy,joy
জীবনে  অনেক  গান শুনি তারপরেও  কেন জানি না এই গান গুলোর মত এত ভালো লাগে না,jibone onek gan shuni tarporeo keno jani na ei gan gulor moto eto valo lage na,জিবন অত বউত গান ফুইন্নি তারফরো কেন যানি গান এগুনর নান এত গম ন লাগে,jibon oto bout gan fuinni tarofro ken jani gan egunor nan eto gom no lage,Chittagong,I listen to many songs in my life but I don't know why I don't like these songs,confusion
পরে আপনার অনেক আফসোস হবে  ,pore apnar onek afsos hobe,ফরে অনর বউত আফসোস অইব,fore onor bout afsos oibo,Chittagong,You will regret it later,remorse
হাসপাতালে কাঁদছে আহত শিশুটি,hospital e kadche ahoto shishuti,হাসফাতালত  হাদদ্দি হাদের বাইচ্ছা ইবা,hospitalot hadoddi hader baiccha iba,Chittagong,The injured child is crying in the hospital,sadness
আজ অনেক মজা হল,aj onek moja holo,আযিয়া বউত মযা অইয়্যে,ajiya bout moja oiye,Chittagong,Today was a lot of fun,amusement
আপনার ছবি দেখে খুব ভালো লেগছে,apnar chobi dekhe khub valo lagche,অনর চবি দেকি কুব গম লাইজ্ঞে,onor chobi deki kub gom laigge,Chittagong,Nice to see your picture,admiration
একটা সময় পর বুঝলাম যে আমরা একে অপরকে চাই,ekta somoy por bujhlam je amra eke oporke chai,এক্কান সময় ফর বুঝিলাম যে আই একে অফরকে চাইর,ekkan somoy for bujhilam je ai eke oforke chair,Chittagong,After a while I realized that we want each other,realization
আমি আপনার জন্য অপেক্ষা করতে পারি,ami apnar jonno opekkha korte pari,আঁই অনর লাই আফেক্কা গরিত ফারি,ai onor lai afekka gorit fari,Chittagong,I can wait for you,excitement
আমি ভালো লাগলো আপনার কথা পড়ে,amar valo laglo apnar kotha pore,আত্তুন গম লাইজ্ঞে অনর হতা ফরি,attun gom laigge onor hota fori,Chittagong,I enjoyed reading your words,joy
দুই বেলা ডাল ভাত খেয়ে নিজের মত একা থাকা অনেক ভালো,dui bela dal vat kheye nijer moto eka thaka onek valo,বুই বেলাত দাইল ভাত হাইয়েরে নিজের ডইল্লে তন বহুত ভালা,bui belat dail vat haiyere nijer dille ton bohut vala,Chittagong,It is better to be alone like yourself after two meals of dal bhat,caring
তোমার  কি মন খারাপ ?,tomar ki mon kharap ?,তোঁয়ার কি মন হারাফ নে,toyar ki mon haraf ne,Chittagong,Are you upset?,curiosity
খাবারে লবণ কম হলে আরো ভালো লাগতো,khabare lobon kom hole aro valo lagto,হানাাত লবণ হম অইলে আরো গম লাগিত ,hanaat lobon hom oile aro gom lagito,Chittagong,It would have been better if there was less salt in the food,optimism
আব্বু মান সন্মানের ভয়ে মামলা করেননি,abbu man sommaner voye mamla korenni,আব্বু মান সম্মানর ভয়ে মামলা ন গরে,abbu man sommanor voye mamla no gore,Chittagong,Abbu Maan did not file a case for fear of honour,fear
কেক এর উপর লেখা ছিল শুভ জন্মদিন আমার বউ,cake er upor lekha chilo shuvo jonmodin amar bou,কেকের উদ্দি লেখা আসিল দে শুভ জন্মদিন আর বউ,cake uddi lekha asilo de shuvo jonmodin ar bou,Chittagong,Happy birthday my wife was written on the cake,excitement
স্টোররুমটি নোংরা হয়ে আছে,storeroom ti nongra hoye ache,স্টোররুম ইয়ান বহুত ময়লা অই তাইক্কে,storeroom iyan bohut moyla oi taikke,Chittagong,The storeroom is dirty,disgust
তুমি কি আমাকে এই কাজটি করে দিতে পারবে?,tumi ki amake ei kajti kore dite parbe?,তুইকি আরে হাম্মান গরি দিত্তারিবানা?,tuiki are hamman gori dittaribana?,Chittagong,Can you do this for me?,curiosity
আমি অসুস্থ আমাকে একবারও জিগ্গেস করেনা আমি কেমন আছি,ami osustho amake ekbaro jigges korena ami kemon achi,আই অসুস্থ আরে একবারও জিজ্ঞেস নো গরে আই কেন আসি,ai osustho are ekbaro jigges no gore ai ken asi,Chittagong,I'm sick not once does Jigges ask me how I am,disappointment
ছেলেদের পোস্ট হচ্ছে সোনার দোকান তাই খুব কম লোকই এখানে আসে,cheleder post hocche sonar dokan tai khub kom loki ekhane ase,"ফোয়া অক্কলর ফোস্ট অইলদি সোমার দোয়ান ওর নান,বর হম মানুষই আইয়্যে","foya okkolor fost oilodi somar doyan or nan,boro hom manushi aiye",Chittagong,Guys post is gold shop so very few people come here,neutral
"বাহ্, এমন খেলা বহুদিন দেখিনি","bah, emon khela bohudin dekhini",বাহ এইল্লে হেলা বহু দিন নো দেহি,bah eille hela bohu din no dehi,Chittagong,"Wow, I haven't seen a game like this in a long time",surprise
আমি আজকে সকালে তার সাথে কথা বলেছি ,ami ajke sokale tar sathe kotha bolechi,আই আজিয়া সকালত তার ফোয়ারিত হতা হইয়ি,ai ajiya sokalot tar foyarit hota hoiyi,Chittagong,I spoke to him this morning,realization
তােকে ধন্যবাদ এমন ভালাে একটি বইয়ের খোজ দেওয়ার জন্য,toke dhonnobad emon valo ekti boiyer khoj deoyar jonno,তাহেররে দন্যবাদ এন বালা ওজ্ঞা বইওর কোয দিবার লাই,taherre donnobad en bala ogga boior koj dibar lai,Chittagong,Thanks for finding such a good book,gratitude
আপনি নিজে কিছু করার চেষ্টা করেন যেন পরিবারের সাহায্য হয়,apni nije kichu korar cheshta koren jeno poribarer sahajjo hoy.,অনে নিজে কিছু গরিবার চেস্টা গরিবান যেন ফরিবারর সাহাইয্য  অয়,one nije kichu goribar chesta goriban jen foribaror sahaijjo  oy,Chittagong,You try to do something yourself to help the family,caring
পরে আপনার অনেক আফসোস হবে  ,pore apnar onek afsos hobe,ফরে অনর বউত আফসোস অইব,fore onor bout afsos oibo,Chittagong,You will regret it later,remorse
"এই সব তেল আমাকে দিবা না, বিরক্ত লাগে","ei sob tel amake diba na, birokto lage","এরিম্মা ফাম আরে নো দিস, গম নো লাগে","erimma fam are no dis, gom no lage",Chittagong,"Don't give me all these oils, I feel bored",caring
মজা করে অন্য ছেলের কথা বলে তাকে চেতাইছি অনেক,moja kore onno cheler kotha bole take cetaichi onek,মজা গরিয়েরে তারে অন্য ফোয়ার হতা হইয়েরে চেতাইয়ি বহুত,moja goriyere tare onno foyar hota hoiyere chetaiyi bohut,Chittagong,I teased him a lot by joking about other boys,amusement
আমরা অপেক্ষা করব,amra opekkha korbo,আরা অফেক্ষা কইজ্জুম,ara ofekkha koijjum,Chittagong,We will wait,excitement
হ্যাঁ তুমি অনেক মোটা ,hae tumi onek mota,অ তুঁই বউত মোটা,o tui bout mota,Chittagong,yes you are very fat,approval
মাঝে মাঝে মন চায় থেমে থাকা গাড়ির নিচে পরে মরে যাই,majhe majhe mon chay theme thaka garir niche pore more jai,মাজে মাজে মন হঅয়তিয়াই তাইক্কেদে ইল্লা গারিত তলে ফরি মরি যাইগোই,maje maje mon hoytiyai taikkede illa garit tole fori mori jaigoi,Chittagong,Sometimes I want to die under a stopped car,desire
আমার পরিবারের অর্থনৈতিক অবস্থা বর্তমানে খুব খারাপ,amar poribarer orthnoitik obostha bortomane khub kharap.,আরার ফরিবারর অর্থনৈতিক অবস্থা বর্তমানে খুব হারাফ,arar foribaror orthnoitik obostha bortomane khub haraf,Chittagong,My family's economic condition is very bad at present,disappointment
আম্মুর জন্য বেশি খারাপ লাগছে,ammur jonno beshi kharap lagche,আম্মুর লাই বেশি ফেট ফূরের,ammur lai beshi fet furer,Chittagong,I feel worse for mom,disgust
মেয়েটির রাগ অনেক বেশী,meyetir rag onek beshi,মাইয়াফোয়া ইবার রাগ বহুত বেশি,maiyafoya ibar rag bohut beshi,Chittagong,The girl is very angry,anger
বয়স সবে চার বছর পূর্ণ হলো,boyos shobe 4 bochor purno holo,৪ বয়স অইয়ে মাত্র,৪ boyos oiye matro,Chittagong,The age has just completed four years,neutral
আমার বড় ভাই বেগুন তরকারির দিয়ে ঝোল দুপুরে ভাত খেয়েছে,amar boro vai begun torkarir jhol diye dupure vat kheyeche,আর ডর ভাই ইবা বেগুনর তরহারির ঝোল  দুইজ্জা ভাত হাইয়ে,ar dor vai  iba begunor torharir jhol duijja vat haiye,Chittagong,My elder brother had eggplant curry broth with rice at noon,sadness
আমার খুব ভয় লাগছে কোনো দিন আমি কিডন্যাপ হয়ে না যাই,amar khub voy lagche kono din ami kidnap hoye na jai,আর খুব ডর লাগের হোনো দিন আই কিডন্যাপ অই ন যায়,ar khub dor lager hono din ai kidnap oi no jay,Chittagong,I am very afraid that one day I will be kidnapped,fear
মানুষ আসলে বড়ই অদ্ভুত,manush asole boroi odvut,মানষ বাস্তবে বরই অদবুত,manosh bastobe boroi odbut,Chittagong,People are really weird,disgust
তবে আমি তাকে এখনো ভালোবাসি,tobe ami take ekhono valobashi,তবে তারে আই এহনো ভালোবাসি,tobe tare ai ehono valobasi,Chittagong,But I still love him,love
আশা করছি সব কিছু সমাধান হবে,asha korchi sob kichu somadhan hobe,আশা গরির বেয়াক্কিছু সমাধান অই যাইবোদে,asha gorir beyakkichu somadhan oi jaibode,Chittagong,Hope everything will be resolved,optimism
আমি খেয়াল করছি উনি আর উনার ছেলের সম্পর্ক খুব খারাপ,ami kheyal korchi uni ar unar cheler somporko khub kharap,আই খেইয়াল গইজ্জি দে তারার মার ফুতর সম্পর্ক খুব হারাফ,ai kheiyal goijji de tarar mar futor somporko khub haraf,Chittagong,I notice that he and his son have a very bad relationship,disappointment
আমি আজকে সকালে তার সাথে কথা বলেছি ,ami ajke sokale tar sathe kotha bolechi,আই আজিয়া সকালত তার ফোয়ারিত হতা হইয়ি,ai ajiya sokalot tar foyarit hota hoiyi,Chittagong,I spoke to him this morning,realization
খাবারে আরেকটু রসুন দিলে বেশী মজা হতো,khabare arektu roshun dile beshi moja hoto, খাবারত আরেক্কানা রসুন দিলি বেশি মজা অইতো,khabarot arekkana rosun dili beshi moja oito,Chittagong,A little more garlic in the food would have been more fun,amusement
এখন নিজেকেই আর বিশ্বাস করতে পারি না,ekhon nijekei ar bisshas korte pari na,এহন আর নিজেরে বিশ্বাস গরিন্নো ফারি,ehon ar nijere bishsas gorinno fari,Chittagong,I can't believe myself anymore,disapproval
দুই বেলা ডাল ভাত খেয়ে নিজের মত একা থাকা অনেক ভালো,dui bela dal vat kheye nijer moto eka thaka onek valo,বুই বেলাত দাইল ভাত হাইয়েরে নিজের ডইল্লে তন বহুত ভালা,bui belat dail vat haiyere nijer dille ton bohut vala,Chittagong,It is better to be alone like yourself after two meals of dal bhat,caring
তোমার জন্য মনে আমার অফুরন্ত আশা,tomar jonno mone amar ofuronto asha,তোঁয়ার লাই মনোত আঁর আফুরন্ত আশা,toyar lai monot ar afuronto asha,Chittagong,I have endless hope for you,optimism
হঠাৎ শীত করে উঠল আমার,hothat shit kore uthlo amar,আতিক্কা আত্তুন শিত গরি উইট্টিল,atikka attun shit gori uittilo,Chittagong,I suddenly felt cold,fear
একটা মেয়েও যদি তার বাবার দায়িত্ব পালন করে সেই ক্ষেত্রে সমস্যাটা কোথায় আমি জানিনা,ekta meyeo jodi tar babar dayitto palon kore sei khetre somossata kothay ami janina,এক্কান মাইয়াফোয়াও যদি তার বাফোর দায়িত্ব ফালন গরে ইয়েনত সমইস্যা হডে আই নো যানি,ekkan maiyafoyao jodi tar bafor dayitto falon gore iyenot somoissha hode ai no jani,Chittagong,I don't know where the problem is if a daughter also fulfills her father's duty,confusion
মনে পড়ে যায় আমার ভালোবাসার মানুষটার কথা ,mone pore jay amar valobashar manushtar kotha,মনঅত ফরি যা গই আঁর বালবাসার মানুষসার হতা,monot fori ja goi ar balobasar manushsar hota,Chittagong,I remember the man I love,love
তোমায় ছাড়া একটুও আমার ভালো লাগে না,tomay chara ektuo amar valo lage na,তোঁয়ারে চারা আঁর এক্কানাও গম ন লাগে,toyare cara ar ekkanao gom no lage,Chittagong,I don't like anything without you,disapproval
আমি ক্ষমা চাইছি,ami khoma chaichi,আই মাফ চাই,ai maf chai,Chittagong,I apologize,remorse
বিবাহিত জীবনে সুখে থাকুন,bibahito jibone sukhe thakun,বিবাহিত জীবনত সুখোত তাইক্কো,bibahito jibonot sukhot taikko,Chittagong,Be happy in your married life,joy
বাবা অশিক্ষিত একটা ছেলের সাথে আমার বিয়ে  দিতে চেয়েছিল,baba oshikkhito ekta cheler sathe amar biye  dite cheyechilo,বাবা অশিক্ষিত এক্কান ফোয়ার ফোয়ারিত আর বিয়া দিতে চাইল,baba oshikkhit ekkan foyar foyarit ar biya dite chailo,Chittagong,My father wanted to marry me to an illiterate boy,desire
নিজের দোষ খুঁজে পাওয়া খুব কষ্টকর,nijer dosh khuje paoya khub koshtokor,নিজের দুশ খুজি ফোন বহুত হস্ট ,nijer dush khuji fon bohut hosto,Chittagong,It is very difficult to find fault with oneself,disappointment
আমি অসুস্থ আমাকে একবারও জিগ্গেস করেনা আমি কেমন আছি,ami osustho amake ekbaro jigges korena ami kemon achi,আই অসুস্থ আরে একবারও জিজ্ঞেস নো গরে আই কেন আসি,ai osustho are ekbaro jigges no gore ai ken asi,Chittagong,I'm sick not once does Jigges ask me how I am,disappointment
লাকড়ির চুলায় রান্না করা খাবার খুব মজা,lakrir chulay ranna kora khabar khub moja,লাহ্রির চুলাত ফাক গরা হানা বহিত মজা,lahrir chulat fak gora hana bohit moja,Chittagong,Cooking food on a wood stove is so much fun,amusement
সে রাগ করে আমার সাথে কথা বলে না,se rag kore amar sathe kotha bole na,সে রাগ গরিয়েরে আর হতা নো হয়,se rag goriyere ar hota no hoy,Chittagong,He doesn't talk to me in anger,anger
তুমি কি আমায় ঘুরতে নিয়ে যাবে? ,tumi ki amay ghurte niye jabe?,তুই কি আরে গুরিবিল্লে লই যাইবা না?,tui ki are guribille loi jaiba na?,Chittagong,will you take me for a walk,caring
মেয়েটিকে দেখে ছেলে ভয় পেয়ে যায়,meyetike dekhe chele voy peye jay,মাইয়াফোয়া ইবারে দেহিয়েরে ডর ফাইয়ে,maiyafoya ibare dehiyere dor faiye,Chittagong,Boy gets scared seeing the girl,fear
আমার বোন ইদানীং অনেক খারাপ আচরন করে,amar bon idaning onek kharap acoron kore,আর বইন  ইদানিং বহুত হারাফ আচরন গরে,ar boin idaning bohut haraf achoron gore,Chittagong,My sister has been behaving very badly lately.,amusement
আবেগ প্রবন মানুষ খুব বোকা হয়ে থাকে,abeg probon manush khub boka hoye thake,আবেগ ফ্রবন মানুষ বোত বোকা ওয় তাকে,abeg frobon manush bot boka oy take,Chittagong,Emotional people are very stupid,annoyance
এই গরমে আমার কিছু ভালো লাগে না,ei gorome amar kichu valo lage na,এই গরমত আত্তুন কিচু বালা ন লাগের,ei goromot attun kichu bala no lager,Chittagong,I don't like anything this summer,disapproval
নতুনরা অনেক কিছু শিখতে পারবে  আশা করি,notunra onek kichu shikhte parbe asha kori,নতুনরা বউত কিচু শিকিত ফারিবো আশা গরি,notunra bout kichu shikit faribo asha gori,Chittagong,Hope newbies can learn a lot,optimism
আমার সরিষার তেল দিয়ে মাছ ভাজা খেতে খুব ভালো লাগে,amar sorishar tel diye mach vaja khete khub valo lage,আর সরিষার তেলর মাছ ভাজা হাইতে বহুত গম লাগে দে,ar sorishar telor mach vaja haite bohut gom lage de,Chittagong,I love fish fried with mustard oil,love
তিশার জন্য সিন্দুক খোলা হলো,tishar jonno sinduk khola holo,তিশার লাও সিন্দুক খুইল্লি,tishar lao sinduk khuilli,Chittagong,The ark was opened for Tisha,amusement
তোমার বিয়ে হবে শুনে আমরা খুব খুশি,tomar biye hobe shune amra khub khushi,তোয়ার বিয়া হইব ফুনিয়েরে আর খুব খুশি,toyar biya hoibo funiyere ar khub khushi,Chittagong,We are very happy to hear that you are getting married,joy
মান সন্মানের ভয়ে কেউ কিছু বলে না,man sommaner voye keu kichu bole na,মান-সম্মানের ভাই  হনিক্কে কিছু নো হর,man-sommaner vai  honikke kichu no hor,Chittagong,No one says anything for fear of dignity,fear
গতকাল রাতে আমাকে বলে দিলো আমি নাকি বেইমান,gotokal rate amake bole dilo ami naki beiman,গতহাল লাতিয়া আরে হই দিয়ে আই নাকি বেইমান,gotohal latiya are hoi diye ai naki beiman,Chittagong,Last night he told me that I was dishonest,disappointment
আম্মুর জন্য বেশি খারাপ লাগছে,ammur jonno beshi kharap lagche,আম্মুর লাই বেশি ফেট ফূরের,ammur lai beshi fet furer,Chittagong,I feel worse for mom,disgust
নিজে অসুখী হয়ে অন্যকে ভালোবেসে সুখী করা যায়না,nije osukhi hoye onnoke valobeshe sukhi kora jayna,নিজে অসুকি অয় অন্যরে বালবাসি সুকি গরা ন যায়,nije osuki oy onnore balobasi suki gora no jay,Chittagong,You can't make others happy by being unhappy yourself,caring
তোমার জন্য মনে আমার অফুরন্ত আশা,tomar jonno mone amar ofuronto asha,তোঁয়ার লাই মনোত আঁর আফুরন্ত আশা,toyar lai monot ar afuronto asha,Chittagong,I have endless hope for you,optimism
তোমার মূল্যবান বক্তব্যের জন্য তোমাকে অনেক ধন্যবাদ ,tomar mulloban boktobber jonno tomake onek dhonnobad,তোঁয়ার মূল্যবান বক্তব্যর লাই তোঁআরে দন্যবাদ,toyar mulloban boktobbor lai toare donnobad,Chittagong,Thank you very much for your valuable comments,gratitude
উনাদের মা ছেলের সম্পর্ক খারাপ এর প্রভাব আমার উপর আসে,unader ma cheler somporko kharap er provab amar upor ase,ইতারার মা ফোয়ার সম্পর্ক হারাপ ইয়েনোর প্রভাব আর উওরত আইয়ে,itarar ma foyar somporko harap iyenor provab ar uttorot aiye,Chittagong,Their bad mother-son relationship affects me,annoyance
আমি  সবাইকে বুঝিয়ে বুঝিয়ে ক্লান্ত যে আমার আম্মু  এরকম কিছু করে  নাই,ami  sobaike bujhiye bujhiye klanto je amar ammu  erokom kichu kore  nai,আই বেয়াক্কুনর বুঝাইয়েরে ক্লান্ত যে আর আম্মু এইল্লে কিছু গরি নাই,ai beyakkunor bujhaiyere klanto je ar ammu eille kichu gori nai,Chittagong,I'm tired of explaining to everyone that my mom never did anything like that,disappointment
রেগে গেলেন তো হেরে গেলেন,rege gelen to here gelen,রাগি গেইলেন তো আরি গেইলেন,ragi geilen to ari geilen,Chittagong,"If you get angry, you lose",anger
এতো টাকা কোথায় পাবো ? ,eto taka kothay pabo ?,এদুন টিয়া হডে পাইয়্যুম?,edun tiya hode paiyyum?,Chittagong,Can I get so much money?,curiosity
তোমাকে আমি ধন্যবাদ জানাতে চাই,tomake ami dhonnbad janate chai,তোয়ারে আই ধন্যবাদ জানাইতাম চাই ,toyare ai dhonnobad janaitam cai,Chittagong,I want to thank you,gratitude
তুমি ছাড়া এই পৃথিবীতে আমার আর কেউ নেই,tumi chara ei prithibite amar ar keu nei,তুই ছাড়া এই দুনিয়াত আর হনিক্কা নাই,tui chara ei duniyat ar honikka nai,Chittagong,I have no one else in this world except you,disapproval
মজা করে অন্য ছেলের কথা বলে তাকে চেতাইছি অনেক,moja kore onno cheler kotha bole take cetaichi onek,মজা গরিয়েরে তারে অন্য ফোয়ার হতা হইয়েরে চেতাইয়ি বহুত,moja goriyere tare onno foyar hota hoiyere chetaiyi bohut,Chittagong,I teased him a lot by joking about other boys,amusement
আমি  সবাইকে বুঝিয়ে বুঝিয়ে ক্লান্ত যে আমার আম্মু  এরকম কিছু করে  নাই,ami  sobaike bujhiye bujhiye klanto je amar ammu  erokom kichu kore  nai,আই বেয়াক্কুনর বুঝাইয়েরে ক্লান্ত যে আর আম্মু এইল্লে কিছু গরি নাই,ai beyakkunor bujhaiyere klanto je ar ammu eille kichu gori nai,Chittagong,I'm tired of explaining to everyone that my mom never did anything like that,disappointment
সব মিলিয়ে তার খুব আনন্দ হচ্ছিল,sob miliye tar khub anondo hocchilo,বেয়াক্কুন মিলিয়েরে আনন্দ অর,beyakkun miliyere anondo or,Chittagong,All in all he was very happy,joy
একটা সময় পর বুঝলাম যে আমরা একে অপরকে চাই,ekta somoy por bujhlam je amra eke oporke chai,এক্কান সময় ফর বুঝিলাম যে আই একে অফরকে চাইর,ekkan somoy for bujhilam je ai eke oforke chair,Chittagong,After a while I realized that we want each other,realization
"সবসময় ভয়ে ভয়ে থাকতাম, গলা দিয়ে খাবার নামতো না","sobsomoy voye voye thaktam, gola diye khabar namto na","এগাযা ডরে ডরে তাকিতাম, গলাদি হানা ন নামিতো","egaja dore dore takoitam, goladi hana no namito",Chittagong,"I was always afraid, I didn't swallow food",fear
যদি আমি ভুল করি তাহলে আমাকে দয়া করে শুধরে দিবেন,jodi ami vul kori tahole amake doya kore shudhre diben,যদি আঁই বুল গরি তইলে দয়া গরি আঁরে শুদরাই দিয়ন,jodi ai bul gori toile doya gori are shudrai diyon,Chittagong,Please correct me if I am wrong,optimism
আমার মায়ের রান্না অনেক মজার,amar mayer ranna onek mojar,আঁর মার রাঁদা বউত মযা,ar mar rada bout moja,Chittagong,My mother's cooking is very interesting,excitement
আমার আম্মু সব সময় বেশ হাসি খুশি থাকে,amar ammu sob somoy besh hasi khushi thake,আর আম্মু  সব সমত বেশ হাশি খুশি তাহে দে,ar ammu sob somot besh hashi khushi tahe de,Chittagong,My mom is always smiling and happy,joy
তবে বেঁচে আছি ও খুব ভালো আছি,tobe beche achi o khub valo achi,বাচি আসি ভালা ও আসি,bachi asi vala o asi,Chittagong,But I am alive and well,approval
কেক এর উপর লেখা ছিল শুভ জন্মদিন আমার বউ,cake er upor lekha chilo shuvo jonmodin amar bou,কেকের উদ্দি লেখা আসিল দে শুভ জন্মদিন আর বউ,cake uddi lekha asilo de shuvo jonmodin ar bou,Chittagong,Happy birthday my wife was written on the cake,excitement
তুমি সত্যিই খুব কঠিন সময় পার করছ,tumi sottii khub kothin somoy par korocho,তুই হাসা খুব কঠিন সময় ফার গরর,tui hasa khub kothin somoy far goror,Chittagong,You are going through a really tough time,disappointment
আমি আজকে সকালে তার সাথে কথা বলেছি ,ami ajke sokale tar sathe kotha bolechi,আই আজিয়া সকালত তার ফোয়ারিত হতা হইয়ি,ai ajiya sokalot tar foyarit hota hoiyi,Chittagong,I spoke to him this morning,realization
আমার বোন কেন এই পথে পা বাড়ালো জানাজানি হলে কিভাবে মুখ দেখাবো সেই চিন্তায় ঘুমাতে পারছি না,amar bon keno ei pothe pa baralo janajani hole kivabe mukh dekhabo sei cintay ghumate parchi na,আর ভোইন কিল্লাই এই ফোতত ফা বাড়াইয়ে জানাজানি অইলে কেনে মুখ দেহাইয়ুম সেই চিন্তায় গুম যাইন্নফারির,ar voin killai ei fotot fa baraiye janajani oile kene mukh dehaiyum sei chintay gum jainnfarir,Chittagong,I can't sleep worrying about how I will show my face if I find out why my sister took this path,fear
অনেকগুলো নতুন বই দেখে  আমি অবাক হয়ে বললাম,onekgulo notun boi dekhe  ami obak hoye bollam,বহুত নোয়া বই সাইয়েরে আই হইলাম,bohut noya boi saiyere ai hoilam,Chittagong,I was surprised to see so many new books,surprise
তোমরা ভালো আছ জেনে খুশি হলাম,tomra valo acho jene khushi holam,তোওয়ারা ভালো আছ জানিয়েরে কুশি অইলাম,tooyara valo acho janiyere kushi oilam,Chittagong,Glad to know you are well,joy
না করে দিও ছেলে পক্ষকে ,na kore dio chele pokkhoke,না গরি দিও ফোয়া পক্ক রে,na gori dio foya pokko re,Chittagong,Don't give it to the boy,neutral
পুকুরে খুবই সুন্দর একটি পাখি দেখতে পেলো,pukure khubi shundor ekti pakhi dekhte pelo,ফইরত কুব সুন্দর ওজ্ঞা ফাকি দেইক্কে,foirot kub sundor ogga faki deikke,Chittagong,A very beautiful bird was seen in the pond,admiration
আমি কি বোকা? ,ami ki boka?,আই কি বলদ নে?,ai ki bolod ne?,Chittagong,Am I stupid?,anger
অসম্ভব ভালো লিখেছেন,osomvob valo likhechen,বেশি গম লিকখো,besi gom likkho,Chittagong,Very well written,admiration
আমি আজকে সকালে তার সাথে কথা বলেছি ,ami ajke sokale tar sathe kotha bolechi,আই আজিয়া সকালত তার ফোয়ারিত হতা হইয়ি,ai ajiya sokalot tar foyarit hota hoiyi,Chittagong,I spoke to him this morning,realization
পরে আপনার অনেক আফসোস হবে  ,pore apnar onek afsos hobe,ফরে অনর বউত আফসোস অইব,fore onor bout afsos oibo,Chittagong,You will regret it later,remorse
তুমি ভালো আছ জেনে খুশি হলাম,tumi valo acho jene khushi holam,তুই গম আসোস জানি এনে খুশি অইলাম,tui gom asos jani ene khushi oilam,Chittagong,Glad to know you are well,joy
আমি আজকে সকালে তার সাথে কথা বলেছি ,ami ajke sokale tar sathe kotha bolechi,আই আজিয়া সকালত তার ফোয়ারিত হতা হইয়ি,ai ajiya sokalot tar foyarit hota hoiyi,Chittagong,I spoke to him this morning,realization
আশা করছি সব কিছু সমাধান হবে,asha korchi sob kichu somadhan hobe,আশা গরির বেয়াক্কিছু সমাধান অই যাইবোদে,asha gorir beyakkichu somadhan oi jaibode,Chittagong,Hope everything will be resolved,optimism
এই  গান আমার এত প্রিয় এখনো শুনি অনেক সুন্দর একটা অনুভুতী কাজ করে,ei gan amar eto priyo ekhono shuni onek sundor ekta onuvuti kaj kore,এই গান আঁর এত ফ্রিয় আইযো ফুনি বউত সুন্দর এক্কান অনূবুতি হাজ গরে,ei gan ar eto friyo aijo funi bout sundor ekkan onubuti haj gore,Chittagong,"This song is so dear to me that I still listen to it, it does a very nice feeling",admiration
তুমি কি আমায় ভালবাসো ?,tumi ki amay valobasho?,তুঁই কি আঁরে বালবাসো নে?,tui ki are balobaso ne?,Chittagong,Do you love me?,curiosity
তুমি কি আমার জন্য অপেক্ষা করতে পারবে ?,tumi ki amar jonno opekkha korte parbe ?,তুই কি আরলাই অফেক্ষা গরিত্তারি বানা?,tui ki arlai ofekkha gorittari bana?,Chittagong,can you wait for me,excitement
একজন মা মেয়ের সংসারে এইভাবেই কি অশান্তি করতে পারে,ekjon ma meyer songsare eivabei ki oshanti korte pare,একজন মাইয়াফোয়ার সংসারত এইল্লে অসান্তি অইত্তারে না?,ekjon maiyafoyar songsarot eille osanti oittare na?,Chittagong,How can a mother and daughter cause chaos in this way?,curiosity
একটা মেয়েও যদি তার বাবার দায়িত্ব পালন করে সেই ক্ষেত্রে সমস্যাটা কোথায় আমি জানিনা,ekta meyeo jodi tar babar dayitto palon kore sei khetre somossata kothay ami janina,এক্কান মাইয়াফোয়াও যদি তার বাফোর দায়িত্ব ফালন গরে ইয়েনত সমইস্যা হডে আই নো যানি,ekkan maiyafoyao jodi tar bafor dayitto falon gore iyenot somoissha hode ai no jani,Chittagong,I don't know where the problem is if a daughter also fulfills her father's duty,confusion
এটা হয়তো কেউ বুঝতে পারছে না আমি ছাড়া,eta hoyto keu bujhte parche na ami chara,ইয়ান আঁই চারা হনিকাই ন বুযের ফঁল্লাই,iyan ai cara honikai no bujer follai,Chittagong,Maybe no one understands this but me,confusion
আমি বুঝে গেছি ওই ছেলেকে ছাড়া আমি থাকতে পারব না,ami bujhe gechi oi cheleke chara ami thakte parbo na,আই বুঝি গেয়ি ফোয়া ইবারে ছাড়া আই তাকিন্নো ফাইজ্জুম,ai bujhi geyi foya ibare chara ai takinno faijjum,Chittagong,I realized that I can't live without that boy,realization
আর এবছর সে বিশাল করে সারপ্রাইজ দিয়েছে আমাকে,ar ebochor se bishal kore surprise diyeche amake,আর এই বছরত যেই বিশাল গরিয়েরে সারপ্রাইজ দিয়ে আরে,ar ei bochorot jei bishal goriyere surprise diye are,Chittagong,And this year he gave me a big surprise,surprise
এই বোকা কোন বিষয়ে জানে না,ei boka kono bishoye jane na,ইতে বোকা কোন বিষয়ে নো জানে ,ite boka kon bishoye no jane,Chittagong,This fool knows nothing,annoyance
কাউকে প্রচন্ডভাবে ভালবাসার মধ্যে এক ধরনের দুর্বলতা আছে,kauke procondovabe valobashar moddhe ek dhoroner durbolta ache,হনিকারে প্রচন্ডভাবে বালবাসার মাযে এক দরনঅর দুর্বলতা আচে,honikare procondovabe balobasar maje ek doronor durbolta ace,Chittagong,There is a weakness in loving someone so much,love
আমি এখন তোর ভাইকে বিয়ে করতে চাই না,ami ekhon tor vaike biye korte chai na,আই এহন তোর ডর ভাইর ফোয়ারিত বিয়া গইত্তাম নো চাইর,ai ehon tor dor vair foyarit biya goittam no chair,Chittagong,I don't want to marry your brother now,disapproval
আমি কী অনেক মোটা ? ,ami ki onek mota ?,আঁই কি বেশি মোটা ?,ai ki beshi mota ?,Chittagong,Am I too fat?,confusion
আমার পরীক্ষা দিতে একদমই ভালো  লাগে না,amar porikkha dite ekdomi valo lage na,আঁত্তুন ফরিক্কা দিতো এব্বেরেও গম ন লাগে,attun forikka dito ebbereo gom no lage,Chittagong,I don't like taking exams at all,disapproval
বর্তমানে প্রেম হীন মানুষ খুঁজে পাওয়াটা কষ্টকর,bortomane prem hin manush khuje paoyata koshtokor,বর্তমান অত ফ্রেমহীন মানুষ তোয়াই ফঅন হস্টগর,bortoman oto fremhin manush toyai fon hostogor,Chittagong,Nowadays it is difficult to find a person without love,love
এখন তুমি আমার কাছে ক্ষমা চাও,ekhon tumi amar kache khoma chao,এহন তুই আর হাসে মাফ সদ্দে,ehon tui ar hase maf sodde,Chittagong,Now you apologize to me,remorse
তোমার মূল্যবান বক্তব্যের জন্য তোমাকে অনেক ধন্যবাদ ,tomar mulloban boktobber jonno tomake onek dhonnobad,তোঁয়ার মূল্যবান বক্তব্যর লাই তোঁআরে দন্যবাদ,toyar mulloban boktobbor lai toare donnobad,Chittagong,Thank you very much for your valuable comments,gratitude
একটা সময় পর বুঝলাম যে আমরা একে অপরকে চাই,ekta somoy por bujhlam je amra eke oporke chai,এক্কান সময় ফর বুঝিলাম যে আই একে অফরকে চাইর,ekkan somoy for bujhilam je ai eke oforke chair,Chittagong,After a while I realized that we want each other,realization
সে তাকে অনেক বিরক্ত করে,se take onek birokto kore,ইতে তারে বউত বিরক্ত গরে,ite tare bout birokto gore,Chittagong,She annoys him a lot,anger
আমার দাঁত অনেক ব্যথা  করছে,amar dat onek betha korche,আঁর দাতে বউত বেতা গরের,ar date bout beta gorer,Chittagong,My tooth hurts a lot,sadness
তুমি কি খেলতে ভালোবাসো?,tumi ki khelte valobasho?,তুঁই কেলা হাইতো বালবাসো নে,tui kela haito balobaso ne,Chittagong,Do you love to play?,curiosity
আজ অনেক মজা হল,aj onek moja holo,আযিয়া বউত মযা অইয়্যে,ajiya bout moja oiye,Chittagong,Today was a lot of fun,amusement
আমাকে একটু সাহায্য  করবেন,amake ektu sahajjo korben,আঁরে এক্কানা সাহায্য গরিবান,are ekkana sahajjo goriban,Chittagong,Please help me,caring
তোমার মূল্যবান বক্তব্যের জন্য তোমাকে অনেক ধন্যবাদ ,tomar mulloban boktobber jonno tomake onek dhonnobad,তোঁয়ার মূল্যবান বক্তব্যর লাই তোঁআরে দন্যবাদ,toyar mulloban boktobbor lai toare donnobad,Chittagong,Thank you very much for your valuable comments,gratitude
নতুনরা অনেক কিছু শিখতে পারবে  আশা করি,notunra onek kichu shikhte parbe asha kori,নতুনরা বউত কিচু শিকিত ফারিবো আশা গরি,notunra bout kichu shikit faribo asha gori,Chittagong,Hope newbies can learn a lot,optimism
নিজের দোষ খুঁজে পাওয়া খুব কষ্টকর,nijer dosh khuje paoya khub koshtokor,নিজের দুশ খুজি ফোন বহুত হস্ট ,nijer dush khuji fon bohut hosto,Chittagong,It is very difficult to find fault with oneself,disappointment
আমি একটা খুব বড় সমস্যায় পড়েছি দয়া করে কেউ হাসাহাসি করবেন না,ami ekta khub boro somossay porechi doya kore keu hasahasi korben na,আই এক্কান সমইস্যাত ফরি গেইলামদয়া গরিয়েরে হনিক্কায় আসাআসি নো গইজ্জন,ai ekkan somoissat fori geilamodoya goriyere honikkay asaasi no goijjon,Chittagong,I am in a very big problem please no one laugh,amusement
আমার স্ত্রী আমাকে  ভালোবাসে না,amar stri amake valobase na,আর বউ আরে ভালনোবাসেদে,ar bou are valonobasede,Chittagong,My wife doesn't love me,love
এমন মনোভাব নিয়ে সংসারে কখনো সুখ আসে না,emon monovab niye songsare kokhono sukh ase na,এইল্লে মনভাব লইয়েরে হনোদিন সুখ নো আইবো,eille monovab loiyere honodin sukh no aibo,Chittagong,Happiness never comes in the world with such an attitude,joy
সবাইকে স্বাগতম,shobaike shagotom,বেয়াক্কুনর স্বাগতম ,beyakkunor shagotom,Chittagong,Welcome everyone,gratitude
আমি অনেক চেষ্টা করেছি যে আমার কোন ভুল আছে কিনা,ami onek cheshta korechi je amar kono vul ache kina,আই বঊত চেষ্টা গইজ্জি যে আর হোনো বুল আছে কিনা,ai bout cheshta gijji je ar hono bul ache kina,Chittagong,I've tried a lot to see if I'm doing something wrong,disappointment
আমার কাছে আরও সময় চাইতো,amar kache aro somoy chaito,আর হাসদ্দি আরো সময় চাইতো,ar hasoddi aro somoy chaito,Chittagong,I wish I had more time,desire
আমার জন্য বেশি চিন্তা কোরো না,amar jonno beshi chinta koro na,আর লাই চিন্তা নো গইজ্জ,ar lai chinta no goijjo,Chittagong,Don't worry too much about me,caring
আমি আপনার জন্য অপেক্ষা করতে পারি,ami apnar jonno opekkha korte pari,আঁই অনর লাই আফেক্কা গরিত ফারি,ai onor lai afekka gorit fari,Chittagong,I can wait for you,excitement
আমি তোমায় ভালবাসি ,ami tomay valobashi,আঁই তোয়ারে বালবাসি,ai toyare balobasi,Chittagong,I love you,love
আমরা অপেক্ষা করব,amra opekkha korbo,আরা অফেক্ষা কইজ্জুম,ara ofekkha koijjum,Chittagong,We will wait,excitement
সাত বছর পর খুজে পেয়েছি আমার প্রিয় গানটা,sat bochor por khuje peyechi amar priyo ganta,সাত বচর ফর তোয়াই পায়্যি আঁর ফ্রিয় গানইবা,sat bocor for toyai payie ar friyo ganiba,Chittagong,I found my favorite song after seven years,love
আমি তার চোথের মায়ায় পড়েছি ,ami tar chokher mayay porechi,আঁই ইবার চকোর মায়াত ফইরগি,ai ibar cokor mayat foirgi,Chittagong,I fell under the spell of his anger,annoyance
আমি অনেক চেষ্টা করেছি যে আমার কোন ভুল আছে কিনা,ami onek cheshta korechi je amar kono vul ache kina,আই বঊত চেষ্টা গইজ্জি যে আর হোনো বুল আছে কিনা,ai bout cheshta gijji je ar hono bul ache kina,Chittagong,I've tried a lot to see if I'm doing something wrong,disappointment
বিষয়টি আসলেই দুশ্চিন্তার,bishoyti asolei dushchintar,বিষয়য়ান আসলে দুচ্চিন্তার,bishoyyan asole duccintar,Chittagong,This is really worrying,fear
তুমি আমার কাছে  ক্ষমা চাও,tumi amar kache  khoma chao,তুই আর হাসত ক্ষমা চো,tui ar hasot khoma cho,Chittagong,You apologize to me,remorse
মানুষ আসলে বড়ই অদ্ভুত,manush asole boroi odvut,মানষ বাস্তবে বরই অদবুত,manosh bastobe boroi odbut,Chittagong,People are really weird,disgust
আমি আম খেতে ভালোবাসি,ami am khete valobasi,আই আম হাইতাম ভালোবাসি,ai aam haitam valobasi,Chittagong,I love eating mangoes,love
আমি আপনার জন্য অপেক্ষা করতে পারি,ami apnar jonno opekkha korte pari,আঁই অনর লাই আফেক্কা গরিত ফারি,ai onor lai afekka gorit fari,Chittagong,I can wait for you,excitement
আপনি নিজে কিছু করার চেষ্টা করেন যেন পরিবারের সাহায্য হয়,apni nije kichu korar cheshta koren jeno poribarer sahajjo hoy.,অনে নিজে কিছু গরিবার চেস্টা গরিবান যেন ফরিবারর সাহাইয্য  অয়,one nije kichu goribar chesta goriban jen foribaror sahaijjo  oy,Chittagong,You try to do something yourself to help the family,caring
তুমি কি আমার জন্য অপেক্ষা করতে পারবে ?,tumi ki amar jonno opekkha korte parbe ?,তুই কি আরলাই অফেক্ষা গরিত্তারি বানা?,tui ki arlai ofekkha gorittari bana?,Chittagong,can you wait for me,excitement
"বাহ্, এমন খেলা বহুদিন দেখিনি","bah, emon khela bohudin dekhini",বাহ এইল্লে হেলা বহু দিন নো দেহি,bah eille hela bohu din no dehi,Chittagong,"Wow, I haven't seen a game like this in a long time",surprise
আমি আপনাকে ধন্যবাদ জানাতে চাই,ami apnake dhonnobad janate chai,আঁই অনরে দইন্যবাদ জানাতাম চাই,ai onre doinnobad janatam chai,Chittagong,I want to thank you,gratitude
তিনি বিদেশ থেকে এসেছেন,tini bidesh theke esechen,তিনি বিদেশেত্তুন আইসসে,tini bideshettun aisse,Chittagong,He came from abroad,neutral
আমি বিশ্বাস করতে পারছিলাম না আমার বোন এই কাজ করবে,ami bisshas korte parchilam na amar bon ei kaj korbe,আই বিশ্বাস গরিন্নোফারির আর ভোইন এই হাম্মান গরিবদে,ai bisshas gorinnofarir ar voin ei hamman goribde,Chittagong,I couldn't believe my sister would do this,surprise
আমি আমার সাধ্য অনুযায়ী চেষ্টা করি বাবার খোঁজ খবর নিতে,ami amar saddho onujayii ceshta kori babar khoj khobor nite,আই আর সাধ্য মত চেষ্টা গরি বাফোর হোয হোবর লইবেল্লাই,ai ar saddho moto cheshta gori bafor hoj hobor loibellai,Chittagong,I try my best to find out about father,optimism
আশা করছি সব কিছু সমাধান হবে,asha korchi sob kichu somadhan hobe,আশা গরির বেয়াক্কিছু সমাধান অই যাইবোদে,asha gorir beyakkichu somadhan oi jaibode,Chittagong,Hope everything will be resolved,optimism
টুকটাক টিউশনি করে যেটুকু আয় হয় তা দিয়ে নিজের হাতখরচই ঠিকমতো চলে না,tuktak tuition e kore jetuku ay hoy ta diye nijer hatkhorochi thikmoto chole na,টুকটাক ফন্না ফরাইয়েরে যা আইয়ে তা দিয়েরে হাতহরস নো চলে,tuktak fonna foraiyere ja aiye ta diyere hatohoros no chole,Chittagong,The amount of income earned from tutoring does not cover my own expenses,approval
আমি ক্ষমা চাইছি,ami khoma chaichi,আই মাফ চাই,ai maf chai,Chittagong,I apologize,remorse
এই ছবির নীল আকাশ অনেক সুন্দর,ei chobir nil akash onek sundor,এই ছবি ইয়ানর নিল আকাশ বহুত সুন্দর,ei chobi iyanor nil akash bohut sundor,Chittagong,The blue sky in this picture is very beautiful,admiration
আমরা সেখানে অনেক মজা করব,amra sekhane onek moja korbo,আঁরা এডে বউত মজা গইরগম,ara ede bout moja goirogom,Chittagong,We will have a lot of fun there,amusement
স্টোররুমটি নোংরা হয়ে আছে,storeroom ti nongra hoye ache,স্টোররুম ইয়ান বহুত ময়লা অই তাইক্কে,storeroom iyan bohut moyla oi taikke,Chittagong,The storeroom is dirty,disgust
প্রতিবারই আশা করতাম যে ভালো হয়ে গেছে,protibari asha kortam je valo hoye geche,ফ্রতিবারই আসা গইত্তেম ভালা অই গিয়ই,frotibari asa gittem vala oi giyi,Chittagong,Each time I hoped that it would get better,optimism
তোমার মূল্যবান বক্তব্যের জন্য তোমাকে অনেক ধন্যবাদ ,tomar mulloban boktobber jonno tomake onek dhonnobad,তোঁয়ার মূল্যবান বক্তব্যর লাই তোঁআরে দন্যবাদ,toyar mulloban boktobbor lai toare donnobad,Chittagong,Thank you very much for your valuable comments,gratitude
আপনি কি আমাকে কোনদিনও ভালবাসবেন না ?,apni ki amake konodino valobashben na ?,অনেকি আরে হোন দিনো ভালোনোবাসিবান?,oneki are hon dino valonobasiban?,Chittagong,Will you never love me?,love
মেয়েটার সব কাজ এমন এলোমেলো হচ্ছে কেন?,meyetar sob kaj emon elomelo hocche ken?,মাইয়া ফোোয়া ইবা এইল্লে এলোমেলো কিল্লাই?,maiya fooya iba eille elomelo killai?,Chittagong,Why is the girl's work so random?,curiosity
ভালো মানুষ এই পৃথিবীতে  বেশি দিন বাঁচে না,valo manush ei prithibite  beshi din bache na,ভালা মানুষ এই দুনিয়াত বেহসি দিন ন বাসে,vala manush ei duniyat behsi din no base,Chittagong,Good people don't live long in this world,disapproval
আমি আজকে সকালে তার সাথে কথা বলেছি ,ami ajke sokale tar sathe kotha bolechi,আই আজিয়া সকালত তার ফোয়ারিত হতা হইয়ি,ai ajiya sokalot tar foyarit hota hoiyi,Chittagong,I spoke to him this morning,realization
নানা আমাকে দেখে খুব খুশি হলো,nana amake dekhe khub khushi holo,নানা আরে চাই হুশি অইয়্যে,nana are chai hushi oiiyee,Chittagong,Nana was very happy to see me,joy
কেক এর উপর লেখা ছিল শুভ জন্মদিন আমার বউ,cake er upor lekha chilo shuvo jonmodin amar bou,কেকের উদ্দি লেখা আসিল দে শুভ জন্মদিন আর বউ,cake uddi lekha asilo de shuvo jonmodin ar bou,Chittagong,Happy birthday my wife was written on the cake,excitement
বৃষ্টি হলেও কি গাছে পানি দিতে হবে?,brishti holeo ki gache pani dite hobe?,বৃষ্টি অইলেও কি গাছত ফানি দন ফরে না?,brishti oileo ki gachot fani don fore na?,Chittagong,"Even if it rains, do you have to water the trees?",curiosity
আপনি একটা সাহায্য পাচ্ছেন পুলিশের কাছ থেকে,apni ekta sahajjo pacchen police er kach theke,অনে এক্কান সাহাইয্য ফাইতে লাইজ্ঞন গুলুশর হাসত্তুন,one ekkan sahaijjo faite laiggon gulushor hasottun,Chittagong,You are getting help from the police,caring
বাসায় কাকে জানাবো কিভাবে জানাবো বুঝতেছিনা,basay kake janabo kivabe janabo bujhtechina,বাসাত হারে হইয়ুম কেনে হইয়ুম নো বুজির,basat hare hoiyum kene hoiyum no bujir,Chittagong,I don't know how to tell who to tell at home,confusion
আমি আপনার জন্য অপেক্ষা করতে পারি,ami apnar jonno opekkha korte pari,আঁই অনর লাই আফেক্কা গরিত ফারি,ai onor lai afekka gorit fari,Chittagong,I can wait for you,excitement
আপনাকে ভালোবাসি  এই কথাটি বলা বাকি,apnake valobashi  ei kothati bola baki,অনেরে ভালোদবাসি হতা ইবা হন বাকি,onere valodbasi hota iba hon baki,Chittagong,All that is left to say is that I love you,love
আমি আরও এক বছর পরে বিয়ে করতে চাই,ami aro ek bochor pore biye korte chai,আই আরো এক্কান বছর ফোর বিয়া গইত্তাম চাই,ai aro ekkan bochor for biya goittam chai,Chittagong,I want to get married after another year,desire
আম্মুই আমাকে আর ভাইকে বড় করছে অনেক কষ্ট করে,ammui amake ar vaike boro korche onek koshto kore,আম্মু আরে আর বাইরে ডর হইজ্জে বোত কষ্টত,ammu are ar baire dor hoijje bot koshtot,Chittagong,My mother is raising me and my brother very hard,sadness
পড়তে ইচ্ছা করতেসে না আজকে,porte iccha kortese na ajke,ফইর ত মনে ন হর আযিয়া,foir to mone no hor ajiya,Chittagong,I don't want to read today,disapproval
তোমার  সুন্দর সুন্দর ছবিগুলো দেখে খুব আনন্দ পেয়েছি,tomar  sundor sundor chobigulo dekhe khub anondo peyechi,তোয়ার খুব সুন্দর সুন্দর শবি সাইয়েরে আর খুব আনন্দ ফাইয়ি,toyar khub sundor sundor shobi saiyere ar khub anondo faiyi,Chittagong,I am very happy to see your beautiful pictures,joy
আমি আজকে সকালে তার সাথে কথা বলেছি ,ami ajke sokale tar sathe kotha bolechi,আই আজিয়া সকালত তার ফোয়ারিত হতা হইয়ি,ai ajiya sokalot tar foyarit hota hoiyi,Chittagong,I spoke to him this morning,realization
মানুষ আসলে বড়ই অদ্ভুত,manush asole boroi odvut,মানষ বাস্তবে বরই অদবুত,manosh bastobe boroi odbut,Chittagong,People are really weird,disgust
এই সিন্দুকের ভেতরে কী আছে?,ei sinduker vetore ki ache?,এই সিন্দুক ইবার ভিতরত কি আসেদে?,ei sinduk ibar vitorot ki asede?,Chittagong,What is inside this ark?,curiosity
পরে আপনার অনেক আফসোস হবে  ,pore apnar onek afsos hobe,ফরে অনর বউত আফসোস অইব,fore onor bout afsos oibo,Chittagong,You will regret it later,remorse
মন ভালো করতে তোমরা কি কর?,mon valo korte tomra ki koro?,মন বালা গরি বিল্লাই তোঁয়ারা কি গরো,mon bala gori billai toyara ki goro,Chittagong,What do you do to feel better?,curiosity
তুমি বোকার মতো তাকে নিয়ে ভেবে বসে থাকবে কেন,tumi bokar moto take niye vebe bose thakbe keno,তুই বলদের ডেক্কে ইতেরে লই বই তাহিবি কিল্লাই,tui bolder dekke itere loi boi tahibi killai,Chittagong,Why are you thinking about him like a fool?,curiosity
তুমি এত গরীব আগে কেন বলোনি,tumi eto gorib age keno boloni,তুঁই ইল্লা গরিব আগে কা ন হ,tui illa gorib age ka no ho,Chittagong,"You are so poor, why didn't you tell me earlier?",curiosity
স্টোররুমটি নোংরা হয়ে আছে,storeroom ti nongra hoye ache,স্টোররুম ইয়ান বহুত ময়লা অই তাইক্কে,storeroom iyan bohut moyla oi taikke,Chittagong,The storeroom is dirty,disgust
আমি যতদিন বেঁছে থাকি আপনাকে মনে রাখবো,ami jotodin beche thaki apnake mone rakhbo,আই জতদিন বাসি তাহি অনেরে মনত রাইক্কুম,ai jotodin basi tahi onere monot raikkum,Chittagong,I will remember you as long as I live,neutral
 তোমাকে একটা উপহার দিতে চাই,tomake ekta upohar dite chai,তোওয়ারে এক্কান উফহার দিতাম চাই,tooyare ekkan ufohar ditam chai,Chittagong,I want to give you a gift,desire
কালো রঙ আমার অনেক প্রিয় ,kalo rong amar onek priyo,হালা রং আঁর বউত ফ্রিয়,hala rong ar bout friyo,Chittagong,Black is my favorite color,love
আমার গার্লফ্রেন্ড এর পরিবারের ডিফেন্স এর জব নাকি পছন্দ না,amar girlfriend er poribarer defense er job naki pochondo na,আর ফ্রেমিকার ফরিবার ডিফেন্সর লোক ফসন্দ নো গরে,ar fremikar foribar defense er lok fosondo no gore,Chittagong,I don't like the job of defense of my girlfriend's family,disapproval
এমন মনোভাব নিয়ে সংসারে কখনো সুখ আসে না,emon monovab niye songsare kokhono sukh ase na,এইল্লে মনভাব লইয়েরে হনোদিন সুখ নো আইবো,eille monovab loiyere honodin sukh no aibo,Chittagong,Happiness never comes in the world with such an attitude,joy
আমি আপনার জন্য অপেক্ষা করতে পারি,ami apnar jonno opekkha korte pari,আঁই অনর লাই আফেক্কা গরিত ফারি,ai onor lai afekka gorit fari,Chittagong,I can wait for you,excitement
চলো দুজনে মিলে সুখের  পৃথিবী সাজাই ,cholo dujone mile sukher prithibi sajai,আডো দুইযনে মিলি সুকর ফিতিবি সাযাই,ado duijone mili sukor fitibi sajai,Chittagong,Let's decorate the world of happiness together,joy
দিন দিন মানসিক ভাবে অসুস্থ হয়ে যাচ্ছি,din din manoshik vabe oshustho hoye jacchi,দিন দিন মানসিক অসুস্থ ওয় যাইর গয়,din din manosik osustho oy jair goy,Chittagong,I am getting mentally sick day by day,sadness
আমার বাবা অসুস্থ হাসপাতালে আর সে এসেছে আমাকে নিতে,amar baba osustho hospital e ar se eseche amake nite,আর বাবা অসুস্থ আর সে আইসসে আরে লইবেল্লাই,ar baba osustho ar se aisse are loibellai,Chittagong,My father is sick in the hospital and he came to pick me up,sadness
আম্মুর জন্য বেশি খারাপ লাগছে,ammur jonno beshi kharap lagche,আম্মুর লাই বেশি ফেট ফূরের,ammur lai beshi fet furer,Chittagong,I feel worse for mom,disgust
মানুষ আসলে বড়ই অদ্ভুত,manush asole boroi odvut,মানষ বাস্তবে বরই অদবুত,manosh bastobe boroi odbut,Chittagong,People are really weird,disgust
মান সন্মানের ভয়ে কেউ কিছু বলে না,man sommaner voye keu kichu bole na,মান-সম্মানের ভাই  হনিক্কে কিছু নো হর,man-sommaner vai  honikke kichu no hor,Chittagong,No one says anything for fear of dignity,fear
আমি আজকে সকালে তার সাথে কথা বলেছি ,ami ajke sokale tar sathe kotha bolechi,আই আজিয়া সকালত তার ফোয়ারিত হতা হইয়ি,ai ajiya sokalot tar foyarit hota hoiyi,Chittagong,I spoke to him this morning,realization
স্বামীর প্রতি আমার বিন্দুমাত্র কোন অভিযোগ নেই,samir proti amar bindumatro kon ovijog nei,জামাইর ফ্রতি আর হন অভিযোগ নাই,jamair froti ar hon ovijog nai,Chittagong,I have no complaints against my husband at all,neutral
সে আকাশে উড়ন্ত পাখির গান শোনতেই মন খুশি হয়ে উঠত,se akashe uronto pakhir gan shontei mon khushi hoye uthto,অই আস্সানর উরন্ত ফেইকঅর গান ফুনিলেই মন কুশি অই যাইতই,oi assanor uronto feikor gan funilei mon kushi oi jaitoi,Chittagong,He used to feel happy when he heard the song of birds flying in the sky,joy
কিন্তু সে ভালো হয়না,kintu se valo hoyna,কিন্ত্য ইতে বালা নো অয়,kintto ite bala no oy,Chittagong,But he is not well,disapproval
আমি ক্ষমা চাইছি,ami khoma chaichi,আই মাফ চাই,ai maf chai,Chittagong,I apologize,remorse
নতুনরা অনেক কিছু শিখতে পারবে  আশা করি,notunra onek kichu shikhte parbe asha kori,নতুনরা বউত কিচু শিকিত ফারিবো আশা গরি,notunra bout kichu shikit faribo asha gori,Chittagong,Hope newbies can learn a lot,optimism
খাবারে লবণ কম হলে আরো ভালো লাগতো,khabare lobon kom hole aro valo lagto,হানাাত লবণ হম অইলে আরো গম লাগিত ,hanaat lobon hom oile aro gom lagito,Chittagong,It would have been better if there was less salt in the food,optimism
অবশ্যই আপনি নিয়মিত নামাজ পড়ে আল্লাহর কাছে শান্তি প্রার্থনা করতে পারেন,obosshoi apni niyomito namaj pore allahor kache shanti prarthona korte paren,আবশ্যই আল্লার হাসে নমাজ ফরিয়েরে দোয়া গরিবান শান্তির লাই,aboshoi allar hase nomaj foriyere doya goriban shantir lai,Chittagong,Of course you can ask Allah for peace by praying regularly,caring
"সবসময় ভয়ে ভয়ে থাকতাম, গলা দিয়ে খাবার নামতো না","sobsomoy voye voye thaktam, gola diye khabar namto na","এগাযা ডরে ডরে তাকিতাম, গলাদি হানা ন নামিতো","egaja dore dore takoitam, goladi hana no namito",Chittagong,"I was always afraid, I didn't swallow food",fear
পরে আপনার অনেক আফসোস হবে  ,pore apnar onek afsos hobe,ফরে অনর বউত আফসোস অইব,fore onor bout afsos oibo,Chittagong,You will regret it later,remorse
একদম ঠিক কথা বলেছ ,ekdom thik kotha bolecho ,এব্বারে টিক হতা,ebbare tik hota,Chittagong,You are right,approval
আমি বিশ্বাস করি কাউকে যদি আমি নিজের মত চাই তাহলে নিজের মত বানিয়ে নিতে হবে,ami bisshas kori kauke jodi ami nijer moto chai tahole nijer moto baniye nite hobe,আই বিশ্বাস গরি হনইক্কে যদি আরে নিজের ডইল্লে চায় তাইলে বানাইত্তারিবো,ai bisshas gori honikke jodi are nijer doille chay taile banaittaribo,Chittagong,"I believe that if someone wants to be like me, I have to make them like me",desire
কাউকে মিথ্যা বলে খুশী করার থেকে সত্যি বলে কাঁদানো ভালো,kauke mittha bole khushi korar theke sotti bole kadano valo,কোনিক্কারে  মিথ্যা খইয়েরে  কুশী করিবার তুন সত্যি খইয়েরে কাদাইলে  বালা,konikkare  mittha khoiyere  khushi koribar tun shotti khoiyere kadaile  bala,Chittagong,It's better to be happy for telling a lie than to cry for telling the truth,joy
জামরুল আমার প্রিয় ফল ,jamrul amar priyo fol,জামরুল আর ফ্রিও ফল,jamrul ar frio fol,Chittagong,Jamrul is my favorite fruit,love
পাহাড়ের চূড়ায় উঠতে চাই ,paharer churay uthte chai,ফা আরর আগাত উইটত চায়,fa aror agat uitot cay,Chittagong,I want to climb to the top of the mountain,desire
আমি ভালো আছি,ami valo achi,আঁই গম আচি,ai gom aci,Chittagong,I am fine,approval
এটা কি ধরনের প্রশ্ন?,eta ki dhoroner proshno?,ইয়ান কি দরনর ফ্রশ্ন?,iyan ki doronor froshno?,Chittagong,What kind of question is it?,curiosity
আমার বোন কেন এই পথে পা বাড়ালো জানাজানি হলে কিভাবে মুখ দেখাবো সেই চিন্তায় ঘুমাতে পারছি না,amar bon keno ei pothe pa baralo janajani hole kivabe mukh dekhabo sei cintay ghumate parchi na,আর ভোইন কিল্লাই এই ফোতত ফা বাড়াইয়ে জানাজানি অইলে কেনে মুখ দেহাইয়ুম সেই চিন্তায় গুম যাইন্নফারির,ar voin killai ei fotot fa baraiye janajani oile kene mukh dehaiyum sei chintay gum jainnfarir,Chittagong,I can't sleep worrying about how I will show my face if I find out why my sister took this path,fear
আমি বুঝে গেছি ওই ছেলেকে ছাড়া আমি থাকতে পারব না,ami bujhe gechi oi cheleke chara ami thakte parbo na,আই বুঝি গেয়ি ফোয়া ইবারে ছাড়া আই তাকিন্নো ফাইজ্জুম,ai bujhi geyi foya ibare chara ai takinno faijjum,Chittagong,I realized that I can't live without that boy,realization
আম্মুর জন্য বেশি খারাপ লাগছে,ammur jonno beshi kharap lagche,আম্মুর লাই বেশি ফেট ফূরের,ammur lai beshi fet furer,Chittagong,I feel worse for mom,disgust
শিমের তরকারী ডিয়ে ভাত খেতে আমার ভালো লাগে না,shimer torkari diye vat khete amar valo lage na,শিমর তরহারি দিয়েরে আই ভাত ভালা নো লাগে,shimor torhari diyere ai vat vala no lage,Chittagong,I don't like rice with bean curd,disapproval
এই গানটা যে কতো বার যে শুনেছি তার কোনো হিসেব নেই,ei ganta je koto bar je shunechi tar kono hiseb nei,এই গানইবাযে হতবার ফুইন্নি তার ইসাব নেই,ei ganibaje hotobar fuinni tar isab nei,Chittagong,I can't count how many times I have listened to this song,confusion
এখন তুমি আমার কাছে ক্ষমা চাও,ekhon tumi amar kache khoma chao,এহন তুই আর হাসে মাফ সদ্দে,ehon tui ar hase maf sodde,Chittagong,Now you apologize to me,remorse
আমাকে দেখে খুব খুশি হলো,amake dekhe khub khushi holo,আরে দেহিয়েরে খুব খুশি অইয়ে,are dehiyere khub khushi oiye,Chittagong,Very happy to see me,joy
দাদি অবাক চোখে আমার দিকে তাকালেন,dadi obak cokhe amar dike takalen,দাদিি অভাক অইয়েরে আর মিক্কে সাই তাইক্কে,dadii ovak oiyere ar mikke sai taikke,Chittagong,Dadi looked at me with surprised eyes,surprise
তোমাকে আমি ধন্যবাদ জানাতে চাই,tomake ami dhonnbad janate chai,তোয়ারে আই ধন্যবাদ জানাইতাম চাই ,toyare ai dhonnobad janaitam cai,Chittagong,I want to thank you,gratitude
তুমি সত্যিই খুব কঠিন সময় পার করছ,tumi sottii khub kothin somoy par korocho,তুই হাসা খুব কঠিন সময় ফার গরর,tui hasa khub kothin somoy far goror,Chittagong,You are going through a really tough time,disappointment
একটা সময় পর বুঝলাম যে আমরা একে অপরকে চাই,ekta somoy por bujhlam je amra eke oporke chai,এক্কান সময় ফর বুঝিলাম যে আই একে অফরকে চাইর,ekkan somoy for bujhilam je ai eke oforke chair,Chittagong,After a while I realized that we want each other,realization
তুমি কি সাঁতার জানো?,tumi ki satar jano?,তুঁই কি আঁচুরিত যানোনে?,tui ki acurit janone?,Chittagong,Do you know how to swim?,curiosity
সে তাকে অনেক বিরক্ত করে,se take onek birokto kore,ইতে তারে বউত বিরক্ত গরে,ite tare bout birokto gore,Chittagong,She annoys him a lot,anger
"আমার আব্বু , আম্মু , ভাই, বোন ড্রয়িংরুমে বসে আছে","amar abbu , ammu , vai, bon drawing room e bose ache","আর আব্বু, আম্মু, ভাই, বোন ড্রইংরুমত বই আসি দে","ar abbu, ammu, vai, bon drawing roomot boi asi de",Chittagong,"My father, mother, brother, sister are sitting in the drawing room",neutral
তোমাকে অসম্ভব সুন্দরী লাগে,tomake osomvob sundori lage,তোয়ারে অসম্ভব সুন্দর লাগেদে ,toyare osomvob sundor lagede,Chittagong,You look incredibly beautiful,admiration
একটা সময় পর বুঝলাম যে আমরা একে অপরকে চাই,ekta somoy por bujhlam je amra eke oporke chai,এক্কান সময় ফর বুঝিলাম যে আই একে অফরকে চাইর,ekkan somoy for bujhilam je ai eke oforke chair,Chittagong,After a while I realized that we want each other,realization
লাকড়ির চুলায় রান্না করা খাবার খুব মজা,lakrir chulay ranna kora khabar khub moja,লাহ্রির চুলাত ফাক গরা হানা বহিত মজা,lahrir chulat fak gora hana bohit moja,Chittagong,Cooking food on a wood stove is so much fun,amusement
বিষয়টি আসলেই দুশ্চিন্তার,bishoyti asolei dushchintar,বিষয়য়ান আসলে দুচ্চিন্তার,bishoyyan asole duccintar,Chittagong,This is really worrying,fear
আমার বন্ধুরা সকাল বেলা  ফুটবল খেলতে মাঠে যায়,amar bondhura sokal bela  football khelte mathe jay,আর বন্ধু তারা সকালত ফুটবল খেলা হাইত যায়,ar bondhu tara sokalot football khela haito jay,Chittagong,My friends go to the field to play football in the morning,neutral
আমার আব্বু বড় ভাইয়ের উপর রেগে গেছিলেন,amar abbu boro vaiyer upor rege gechilen,আর আব্বু ডর ভাই ইবার উফরত রাগি গেইয়ে,ar abbu dor vai ibar uforot ragi geiye,Chittagong,My father was angry with my elder brother,anger
আমার বোন কেন এই পথে পা বাড়ালো জানাজানি হলে কিভাবে মুখ দেখাবো সেই চিন্তায় ঘুমাতে পারছি না,amar bon keno ei pothe pa baralo janajani hole kivabe mukh dekhabo sei cintay ghumate parchi na,আর ভোইন কিল্লাই এই ফোতত ফা বাড়াইয়ে জানাজানি অইলে কেনে মুখ দেহাইয়ুম সেই চিন্তায় গুম যাইন্নফারির,ar voin killai ei fotot fa baraiye janajani oile kene mukh dehaiyum sei chintay gum jainnfarir,Chittagong,I can't sleep worrying about how I will show my face if I find out why my sister took this path,fear
আমাকে দয়া করে সঠিক পরার্মশ দিয়ে একটু সাহায্য করুন,amake doya kore sothik poramorsho diye ektu sahajjo korun,আরে দয়া গরি টিক ফরামর্শ দিয়েরে এক্কানা সাহায্য গরো,are doya gori tik foramorsho diyere ekkana sahajjo goro,Chittagong,Please help me with proper advice,caring
আমি অন্যের সাথে কথা বলি না,ami onner sathe kotha boli na,আই অন্যের ফোয়ারিত হতা নো হই,ai onner foyarit hota no hoi,Chittagong,I don't talk to others,disapproval
বিষয়টি আসলেই দুশ্চিন্তার,bishoyti asolei dushchintar,বিষয়য়ান আসলে দুচ্চিন্তার,bishoyyan asole duccintar,Chittagong,This is really worrying,fear
আমি তো বোকাই ,ami to bokai,আই তো বলদ,ai to bolod,Chittagong,I'm stupid,anger
আমি অসুস্থ আমাকে একবারও জিগ্গেস করেনা আমি কেমন আছি,ami osustho amake ekbaro jigges korena ami kemon achi,আই অসুস্থ আরে একবারও জিজ্ঞেস নো গরে আই কেন আসি,ai osustho are ekbaro jigges no gore ai ken asi,Chittagong,I'm sick not once does Jigges ask me how I am,disappointment
আমি কিন্তু এটা ভাবি নি যে ও মনে রাখে না আমি কেন করতে যাবো,ami kintu eta vabi ni je o mone rakhe na ami ken korte jabo,আই কিন্তু ইয়ান চিন্তা নো গরি যে ও মনত নো রাহে আই কিল্লাই মনত রাহিতাম,ai kintu iyan chinta no gori je o monot no rahe ai killai monot rahitam,Chittagong,But I didn't think that he didn't remember why I was going to do it,confusion
তোমার কথা শুনে আমি খুব অবাক হয়ে গেছিলাম,tomar kotha shune ami khub obak hoye gechilam,তোয়ার হোতা ফুনিয়েরে আই খুব অবাক অই গিয়ি,toyar hota funiyere ai khub obak oi giyi,Chittagong,I was very surprised to hear your words,surprise
"যে বছর ধান ভালো হয়, সে বছর আমের ফলনও ভালো হয়","je bochor dhan valo hoy, se bochor aamer folon o valo hoy","যেই বছরত ধান ভালো অয়, সেই বছরত আমর ফলত ভালো অয়","jei bochorot dhan valo oy, sei bochorot amor folot valo oy",Chittagong,"In the year when paddy is good, mango yield is also good",admiration
আমি আপনাকে ধন্যবাদ জানাতে চাই,ami apnake dhonnobad janate chai,আঁই অনরে দইন্যবাদ জানাতাম চাই,ai onre doinnobad janatam chai,Chittagong,I want to thank you,gratitude
আমি আজকে সকালে তার সাথে কথা বলেছি ,ami ajke sokale tar sathe kotha bolechi,আই আজিয়া সকালত তার ফোয়ারিত হতা হইয়ি,ai ajiya sokalot tar foyarit hota hoiyi,Chittagong,I spoke to him this morning,realization
আমার বাংলা সিনেমা দেখতে ভালো লাগে,amar bangla cinema dekhte valo lage,আড় বাংলা সিনেমা দেহিইতে গম লাগেদে,ar bangla cinema dehite gom lagede,Chittagong,I like watching Bengali movies,love
আজ অনেক মজা হল,aj onek moja holo,আযিয়া বউত মযা অইয়্যে,ajiya bout moja oiye,Chittagong,Today was a lot of fun,amusement
তুমি দুপুরে কি দিয়ে ভাত খেয়েছ ?,tumi dupure ki diye vat kheyecho ?,তুই  দুইজ্জা  ভাত হাইয়ো নে?,tui duijja  vat haiyo ne?,Chittagong,What did you eat rice with in the afternoon?,curiosity
তােকে ধন্যবাদ এমন ভালাে একটি বইয়ের খোজ দেওয়ার জন্য,toke dhonnobad emon valo ekti boiyer khoj deoyar jonno,তাহেররে দন্যবাদ এন বালা ওজ্ঞা বইওর কোয দিবার লাই,taherre donnobad en bala ogga boior koj dibar lai,Chittagong,Thanks for finding such a good book,gratitude
আমার আব্বু বড় ভাইয়ের উপর রেগে গেছিলেন,amar abbu boro vaiyer upor rege gechilen,আর আব্বু ডর ভাই ইবার উফরত রাগি গেইয়ে,ar abbu dor vai ibar uforot ragi geiye,Chittagong,My father was angry with my elder brother,anger
সবাই তাকে অনেক ভয় পেতো,sobai take onek voy peto,বেজ্ঞুনে ইতারে বউত ডরাইতো,beggune itare bout doraito,Chittagong,Everyone was afraid of him,fear
আমি ক্ষমা চাইছি,ami khoma chaichi,আই মাফ চাই,ai maf chai,Chittagong,I apologize,remorse
তুমি আমাকে বিরক্ত করো না,tumi amake birokto koro na,তুই আরে বিরক্ত ন গইজ,tui are birokto no goij,Chittagong,you don't bother me,annoyance
আমি আজকে সকালে তার সাথে কথা বলেছি ,ami ajke sokale tar sathe kotha bolechi,আই আজিয়া সকালত তার ফোয়ারিত হতা হইয়ি,ai ajiya sokalot tar foyarit hota hoiyi,Chittagong,I spoke to him this morning,realization
আমি আপনাকে ধন্যবাদ জানাতে চাই,ami apnake dhonnobad janate chai,আঁই অনরে দইন্যবাদ জানাতাম চাই,ai onre doinnobad janatam chai,Chittagong,I want to thank you,gratitude
উনাদের মা ছেলের সম্পর্ক খারাপ এর প্রভাব আমার উপর আসে,unader ma cheler somporko kharap er provab amar upor ase,ইতারার মা ফোয়ার সম্পর্ক হারাপ ইয়েনোর প্রভাব আর উওরত আইয়ে,itarar ma foyar somporko harap iyenor provab ar uttorot aiye,Chittagong,Their bad mother-son relationship affects me,annoyance
মজা করে অন্য ছেলের কথা বলে তাকে চেতাইছি অনেক,moja kore onno cheler kotha bole take cetaichi onek,মজা গরিয়েরে তারে অন্য ফোয়ার হতা হইয়েরে চেতাইয়ি বহুত,moja goriyere tare onno foyar hota hoiyere chetaiyi bohut,Chittagong,I teased him a lot by joking about other boys,amusement
আমার মনটা কেউ বুঝে নাহ,amar monta keu bujhe nah,আর মন নো বুঝে,ar mon no bujhe,Chittagong,No one understands my heart,sadness
আজ সকালে আমি এবং আমার বন্ধুরা ফুটবল খেলতে মাঠে গিয়েছি,aj sokale ami ebong amar bondhura football khelte mathe giyechi,আজিয়া সকালত আই এবং আর বন্ধু তারা ফুটবল খেলিতাম মাথত গিয়ি,ajiya sokalot ai ebong ar bondhu tara football khelitam mathot giyi,Chittagong,This morning me and my friends went to the field to play football,neutral
খাবারে আরেকটু রসুন দিলে বেশী মজা হতো,khabare arektu roshun dile beshi moja hoto, খাবারত আরেক্কানা রসুন দিলি বেশি মজা অইতো,khabarot arekkana rosun dili beshi moja oito,Chittagong,A little more garlic in the food would have been more fun,amusement
জানিনা পানি পাবো নাকি পাবো না,janina pani pabo naki pabo na,হইন্নো ফারি ফানি ফাইয়্যুম নে ন ফাইয়্যুম,hoinno fari fani faiyum ne no faiyum,Chittagong,I don't know whether I will get water or not,confusion
পরে আপনার অনেক আফসোস হবে  ,pore apnar onek afsos hobe,ফরে অনর বউত আফসোস অইব,fore onor bout afsos oibo,Chittagong,You will regret it later,remorse
আমার আব্বু বড় ভাইয়ের উপর রেগে গেছিলেন,amar abbu boro vaiyer upor rege gechilen,আর আব্বু ডর ভাই ইবার উফরত রাগি গেইয়ে,ar abbu dor vai ibar uforot ragi geiye,Chittagong,My father was angry with my elder brother,anger
আমার মায়ের রান্না অনেক মজার,amar mayer ranna onek mojar,আঁর মার রাঁদা বউত মযা,ar mar rada bout moja,Chittagong,My mother's cooking is very interesting,excitement
তুমি ক্রিকেট খেলায় জিতলে,tumi cricket khelay jitle,তুই ক্রিকেট হেলাত জিতিলা,tui cricket helat jitila,Chittagong,You win the cricket game,approval
জীবনে একা একা পথ চলা অনেক কঠিন,jibone eka eka path chola onek kothin,জীবনে এহলা এহলা ফথ চলন বহুত কঠিন,jibone ehla ehla foth colon bohut kothin,Chittagong,It is very difficult to walk the path of life alone,sadness
বিষয়টি আসলেই দুশ্চিন্তার,bishoyti asolei dushchintar,বিষয়য়ান আসলে দুচ্চিন্তার,bishoyyan asole duccintar,Chittagong,This is really worrying,fear
তাঁর বই পরতে একদমই ভাল লাগে না,tar boi porte ekdomi valo lage na,ইতাত্তুন বই ফইরতো এফফোডাও গম ন লাগে,itattun boi foirto effodao gom no lage,Chittagong,I don't like wearing his book at all,disapproval
আমি আপনাকে ধন্যবাদ জানাতে চাই,ami apnake dhonnobad janate chai,আঁই অনরে দইন্যবাদ জানাতাম চাই,ai onre doinnobad janatam chai,Chittagong,I want to thank you,gratitude
একটা সময় পর বুঝলাম যে আমরা একে অপরকে চাই,ekta somoy por bujhlam je amra eke oporke chai,এক্কান সময় ফর বুঝিলাম যে আই একে অফরকে চাইর,ekkan somoy for bujhilam je ai eke oforke chair,Chittagong,After a while I realized that we want each other,realization
অনেকগুলো নতুন বই দেখে  আমি অবাক হয়ে বললাম,onekgulo notun boi dekhe  ami obak hoye bollam,বহুত নোয়া বই সাইয়েরে আই হইলাম,bohut noya boi saiyere ai hoilam,Chittagong,I was surprised to see so many new books,surprise
আব্বু মান সন্মানের ভয়ে মামলা করেননি,abbu man sommaner voye mamla korenni,আব্বু মান সম্মানর ভয়ে মামলা ন গরে,abbu man sommanor voye mamla no gore,Chittagong,Abbu Maan did not file a case for fear of honour,fear
গ্রামের বারি গিয়ে আমি একা একা  সাঁতার  কেটেছি,gramer bari giye ami eka eka  satar  ketechi,গ্রামর বারি জাইয়েরে আই এহলা এহলা সাতার হাইট্টি,gramor bari jaiyere ai ehla ehla satar haitti,Chittagong,I swam alone after going to the village,sadness
দাদি অবাক চোখে আমার দিকে তাকালেন,dadi obak cokhe amar dike takalen,দাদিি অভাক অইয়েরে আর মিক্কে সাই তাইক্কে,dadii ovak oiyere ar mikke sai taikke,Chittagong,Dadi looked at me with surprised eyes,surprise
অনেক বড়লোক হতে চাই,onek borolok hote chai,বউত ডঅরমানুষ অইত চায়,bout dormanush oito cay,Chittagong,I want to be a big man,desire
আমি তোমাকে একটা উপহার দিতে চাই,ami tomake ekta upohar dite chai,আই তোওয়ারে এক্কান উফহার দিতাম চাইর,ai tooyare ekkan ufohar ditam chair,Chittagong,I want to give you a gift,desire
আমরা সেখানে অনেক মজা করব,amra sekhane onek moja korbo,আঁরা এডে বউত মজা গইরগম,ara ede bout moja goirogom,Chittagong,We will have a lot of fun there,amusement
স্টোররুমটি নোংরা হয়ে আছে,storeroom ti nongra hoye ache,স্টোররুম ইয়ান বহুত ময়লা অই তাইক্কে,storeroom iyan bohut moyla oi taikke,Chittagong,The storeroom is dirty,disgust
একটা সময় পর বুঝলাম যে আমরা একে অপরকে চাই,ekta somoy por bujhlam je amra eke oporke chai,এক্কান সময় ফর বুঝিলাম যে আই একে অফরকে চাইর,ekkan somoy for bujhilam je ai eke oforke chair,Chittagong,After a while I realized that we want each other,realization
তুমি একটা বোকা মেয়ে,tumi ekta boka meye,তুই এক্কান বোকা মাইয়া ফোয়া,tui ekkan boka maiya foya,Chittagong,you are a stupid girl,anger
আমার পরিবারের সবার সাথে ও কথা বলুক এটা চাই,amar poribarer sobar sathe o kotha boluk eta chai,আর ফরিবার বেগুনের লয় ও হতা খোক ইবা চাই,ar foribar beguner loy o hota khok iba chai,Chittagong,I want it to talk to all my family,desire
আমি জানি না কীভাবে শুরু করবো,ami jani na kivabe shuru korbo,আই নো জানি কেনে শুরু গইজ্জুম,ai no jani kene shuru goijjum,Chittagong,I don't know how to start,confusion
আমাকে দয়া করে সঠিক পরার্মশ দিয়ে একটু সাহায্য করুন,amake doya kore sothik poramorsho diye ektu sahajjo korun,আরে দয়া গরি টিক ফরামর্শ দিয়েরে এক্কানা সাহায্য গরো,are doya gori tik foramorsho diyere ekkana sahajjo goro,Chittagong,Please help me with proper advice,caring
এখন তুমি আমার কাছে ক্ষমা চাও,ekhon tumi amar kache khoma chao,এহন তুই আর হাসে মাফ সদ্দে,ehon tui ar hase maf sodde,Chittagong,Now you apologize to me,remorse
তােকে ধন্যবাদ এমন ভালাে একটি বইয়ের খোজ দেওয়ার জন্য,toke dhonnobad emon valo ekti boiyer khoj deoyar jonno,তাহেররে দন্যবাদ এন বালা ওজ্ঞা বইওর কোয দিবার লাই,taherre donnobad en bala ogga boior koj dibar lai,Chittagong,Thanks for finding such a good book,gratitude
তুমি একজন  ভালো মেয়ে মানুষ,tumi ekjon  valo meye manush,তুই একজন ভালো মাইয়াফোয়া,tui ekjon valo maiyafoya,Chittagong,You are a good girl,admiration
দাদি অবাক চোখে আমার দিকে তাকালেন,dadi obak cokhe amar dike takalen,দাদিি অভাক অইয়েরে আর মিক্কে সাই তাইক্কে,dadii ovak oiyere ar mikke sai taikke,Chittagong,Dadi looked at me with surprised eyes,surprise
হ্যাঁ তুমি অনেক মোটা ,hae tumi onek mota,অ তুঁই বউত মোটা,o tui bout mota,Chittagong,yes you are very fat,approval
আকাশে তারাগুলি আমাদেরকে আশা দেয়,akashe taraguli amaderke asha dey,আস্সান অর তারাগুন আঁরারে আশা দে,assan or taragun arare asha de,Chittagong,The stars in the sky give us hope,optimism
আমি ক্ষমা চাইছি,ami khoma chaichi,আই মাফ চাই,ai maf chai,Chittagong,I apologize,remorse
তোমার কাছে আমি একটি পরামর্শ চাই,tomar kache ami ekti poramorsho chai,তোয়ার  হাসে আই এক্কান ফরামরশ চাই ,toyar hase ai ekkan foramorsho cai,Chittagong,I want a suggestion from you,desire
আমার ভাইয়ের অবস্থা ওতো ভালো না,amar vaiyer obostha oto valo na,আর ভাইওর অবস্থা এইল্লে ভালা নো,ar vaior obostha eille vala no,Chittagong,My brother's condition is not so good,disapproval
ঐ মহিলা আর সে মিলে আমাকে গালিগালাজ করতে থাকে,oi mohila ar se mile amake galigalaj korte thake,ঐ বেডীর ওদ্দে ইতে মিলি আরে গালাগালি গরার তাকে,oi bedir odde ite mili are galagali gorar take,Chittagong,That woman and he started abusing me together,annoyance
আমার বন্ধুদের সাথে ঘুরতে খুব ভালো লাগে,amar bondhuder sathe ghurte khub valo lage,আর বন্ধুরার ফোয়ারিত ঘুইরত বহুত গম লাগে,ar bondhurar foyarit ghuirot bohut gom lage,Chittagong,I like to travel with my friends,love
তোমার পাশে  থাকলে আমি কল্পনার চেয়েও বেশি সুখী থাকি,tomar pashe  thakle ami kolponar cheyeo beshi sukhi thaki,তোয়ার ফাশত থাকিলে আই হলফনার চাইতেও বেশি সুখী,toyar fashot thakile ai holfonar chaiteo beshi sukhi,Chittagong,I am happier than I can imagine when I am by your side,joy
আমি আজকে সকালে তার সাথে কথা বলেছি ,ami ajke sokale tar sathe kotha bolechi,আই আজিয়া সকালত তার ফোয়ারিত হতা হইয়ি,ai ajiya sokalot tar foyarit hota hoiyi,Chittagong,I spoke to him this morning,realization
স্টোররুমটি নোংরা হয়ে আছে,storeroom ti nongra hoye ache,স্টোররুম ইয়ান বহুত ময়লা অই তাইক্কে,storeroom iyan bohut moyla oi taikke,Chittagong,The storeroom is dirty,disgust
আমরা অপেক্ষা করব,amra opekkha korbo,আরা অফেক্ষা কইজ্জুম,ara ofekkha koijjum,Chittagong,We will wait,excitement
আপনি কি কথা বলতে পারেন ইংরেজিতে?,apni ki kotha bolte paren engrejite?,অনে কি ইংরেজিত হতা হইত ফারোন নে?,one ki engrejit hota hoito faron ne?,Chittagong,Can you speak English?,curiosity
তোমাকে ছুয়ে দিতে চাই অনুমতি,tomake chuye dite chai onumoti,তোঁয়ারে চুইবর লাই চাই অনুমতি,toyare cuibor lai chai onumoti,Chittagong,I want permission to touch you,desire
তোমার  চোখ দুটো অনেক সুন্দর,tomar chokh duto onek sundor,তোয়ার চখ দুইয়ান বহুত সুন্দর,toyar cokh duiyan bohut sundor,Chittagong,Your eyes are very beautiful,admiration
আব্বু সারাদিন বাহিরে বাহিরে থাকত,abbu saradin bahire bahire thakto,আব্বু ফুরাদিন বাহিরোত তাকিতো,abbu furadin bahirot takito,Chittagong,Abbu used to stay outside all day,neutral
কবিতা পড়তে আমার ভালো লাগে,kobita porte amar valo lage,কবিতা ফইত্ত আঁত্তুন গম লাগে,kobita foitto attun gom lage,Chittagong,I like to read poetry,love
আমি বিশ্বাস করতে পারছিলাম না আমার বোন এই কাজ করবে,ami bisshas korte parchilam na amar bon ei kaj korbe,আই বিশ্বাস গরিন্নোফারির আর ভোইন এই হাম্মান গরিবদে,ai bisshas gorinnofarir ar voin ei hamman goribde,Chittagong,I couldn't believe my sister would do this,surprise
টুকটাক টিউশনি করে যেটুকু আয় হয় তা দিয়ে নিজের হাতখরচই ঠিকমতো চলে না,tuktak tuition e kore jetuku ay hoy ta diye nijer hatkhorochi thikmoto chole na,টুকটাক ফন্না ফরাইয়েরে যা আইয়ে তা দিয়েরে হাতহরস নো চলে,tuktak fonna foraiyere ja aiye ta diyere hatohoros no chole,Chittagong,The amount of income earned from tutoring does not cover my own expenses,approval
গানটা শুনে  চোখে পানি চলে আসলো সত্যি খুব ভালো লাগলো,ganta shune chokhe pani chole ashlo shotti khub valo laglo,গানইবা ফুনি চোকঅত ফানি আ গেয়্যুই সত্যি কুব গম লাইজ্ঞে,ganiba funi chokot fani a geiyui sotti kub gom laigge,Chittagong,"Tears came to my eyes after listening to the song, it was really good",admiration
আলহামদুলিল্লাহ সে খুব ভালো একজন মানুষ,alhamdulillah se khub valo ekjon manush,আলহামদুলিল্লাহ সে এক্কান ভালা মানুষ,alhamdulillah se ekkan vala manush,Chittagong,Alhamdulillah he is a very good man,admiration
মজা করে অন্য ছেলের কথা বলে তাকে চেতাইছি অনেক,moja kore onno cheler kotha bole take cetaichi onek,মজা গরিয়েরে তারে অন্য ফোয়ার হতা হইয়েরে চেতাইয়ি বহুত,moja goriyere tare onno foyar hota hoiyere chetaiyi bohut,Chittagong,I teased him a lot by joking about other boys,amusement
"বাহ্, এমন খেলা বহুদিন দেখিনি","bah, emon khela bohudin dekhini",বাহ এইল্লে হেলা বহু দিন নো দেহি,bah eille hela bohu din no dehi,Chittagong,"Wow, I haven't seen a game like this in a long time",surprise
খাবারে আরেকটু রসুন দিলে বেশী মজা হতো,khabare arektu roshun dile beshi moja hoto, খাবারত আরেক্কানা রসুন দিলি বেশি মজা অইতো,khabarot arekkana rosun dili beshi moja oito,Chittagong,A little more garlic in the food would have been more fun,amusement
খাবারে লবণ কম হলে আরো ভালো লাগতো,khabare lobon kom hole aro valo lagto,হানাাত লবণ হম অইলে আরো গম লাগিত ,hanaat lobon hom oile aro gom lagito,Chittagong,It would have been better if there was less salt in the food,optimism
"একটু বেশী হয়ে গেসে, কম হলে আরো ভালো লাগতো","ektu beshi hoye gese, kom hole aro valo lagto",এক্কাানা বেশী অই গিয়োয় খম হইলে আরেক্কানা গম ওইতো,ekkaana beshi oi giyoy khom hoile arekkana gom oito,Chittagong,"A little more, less would have been better",approval
রাস্তার পাশে একটি ফুলের দোকান,rastar pashe ekti fuler dokan,রাস্তার ডাহদ্দি এক্কান ফুলোর দোহান,rastar dahoddi ekkan fulor dohan,Chittagong,A flower shop by the side of the road,neutral
এই বোকা কোন বিষয়ে জানে না,ei boka kono bishoye jane na,ইতে বোকা কোন বিষয়ে নো জানে ,ite boka kon bishoye no jane,Chittagong,This fool knows nothing,annoyance
আমি পর পর ৩ বছর তাকে সারপ্রাইজ দিয়েছি জন্মদিনে,ami por por 3 bochor take surprise diyechi jonmodine,আই ফর ফর ৩ বছর তারে সারপ্রাইজ দিয়ি জন্মদিন,ai for for ৩ bochor tare surprise diyi jonmodin,Chittagong,I gave him a surprise on his birthday for 3 consecutive years,surprise
আমি আপনার জন্য অপেক্ষা করতে পারি,ami apnar jonno opekkha korte pari,আঁই অনর লাই আফেক্কা গরিত ফারি,ai onor lai afekka gorit fari,Chittagong,I can wait for you,excitement
শীতের সকাল অনেক সুন্দর,shiter sokal onek shundor,শীতর সকাল বউত সুন্দর,shitor sokal bout sundor,Chittagong,Winter morning is very beautiful,admiration
তোমার মূল্যবান বক্তব্যের জন্য তোমাকে অনেক ধন্যবাদ ,tomar mulloban boktobber jonno tomake onek dhonnobad,তোঁয়ার মূল্যবান বক্তব্যর লাই তোঁআরে দন্যবাদ,toyar mulloban boktobbor lai toare donnobad,Chittagong,Thank you very much for your valuable comments,gratitude
আমার সিদ্ধান্ত ভুল না সঠিক তা জানিনা,amar siddhanto vul na sothik ta janina,আর সিদ্ধান্ত গম না হারাফ তা নো জানি,ar siddhanto gom na haraf ta no jani,Chittagong,I don't know whether my decision is right or wrong,confusion
বিদ্যুৎ অফিসের লোকটা কি মারা গেলো নাকি?,biddut officer lokta ki mara gelo naki?,বিদ্যুত আফিসর মানুষওয়া কি মরি গেইয়্যুই নিকি?,biddut office or manushoya ki mori geiyui niki?,Chittagong,Did the electricity office man die?,curiosity
অবশ্যই আপনি নিয়মিত নামাজ পড়ে আল্লাহর কাছে শান্তি প্রার্থনা করতে পারেন,obosshoi apni niyomito namaj pore allahor kache shanti prarthona korte paren,আবশ্যই আল্লার হাসে নমাজ ফরিয়েরে দোয়া গরিবান শান্তির লাই,aboshoi allar hase nomaj foriyere doya goriban shantir lai,Chittagong,Of course you can ask Allah for peace by praying regularly,caring
আমার পছন্দ হয় এমন মেয়ে তাদের পছন্দ হয় না,amar pochondo hoy emon meye tader pochondo hoy na,আঁর ফচন্দ অয় ইল্লা মাইয়্যা তারার ফচন্দ ন ময়,ar focondo oy illa maiya tarar focondo no moy,Chittagong,They don't like girls I like,disapproval
বাবা অশিক্ষিত একটা ছেলের সাথে আমার বিয়ে  দিতে চেয়েছিল,baba oshikkhito ekta cheler sathe amar biye  dite cheyechilo,বাবা অশিক্ষিত এক্কান ফোয়ার ফোয়ারিত আর বিয়া দিতে চাইল,baba oshikkhit ekkan foyar foyarit ar biya dite chailo,Chittagong,My father wanted to marry me to an illiterate boy,desire
আমি কী অনেক মোটা ? ,ami ki onek mota ?,আঁই কি বেশি মোটা ?,ai ki beshi mota ?,Chittagong,Am I too fat?,confusion
সুখী হতে হলে অপ্রয়োজনীয় অনেক কিছু ভুলে যেতে হয়,sukhi hote hole oproyojonio onek kichu vule jete hoy,সুখী অইত সাইলে অপ্রয়োজনীয় বহুত কিছু ভুলি যাইত অয়,sukhi oito saile oproyojoniyo bohut kichu vuli jaito oy,Chittagong,To be happy you have to forget many unnecessary things,joy
তোমার মূল্যবান বক্তব্যের জন্য তোমাকে অনেক ধন্যবাদ ,tomar mulloban boktobber jonno tomake onek dhonnobad,তোঁয়ার মূল্যবান বক্তব্যর লাই তোঁআরে দন্যবাদ,toyar mulloban boktobbor lai toare donnobad,Chittagong,Thank you very much for your valuable comments,gratitude
আমরা খুব খুশি,amra khub khushi,আঁরা কুব কুশি,ara kub kushi,Chittagong,We are very happy,joy
আপনি নিজে কিছু একটা করেন,apni nije kichu ekta koren,অনে নিজে কিছু এক্কা গরন,one nije kichu ekka goron,Chittagong,You do something yourself,caring
আবেগ প্রবন মানুষ খুব বোকা হয়ে থাকে,abeg probon manush khub boka hoye thake,আবেগ ফ্রবন মানুষ বোত বোকা ওয় তাকে,abeg frobon manush bot boka oy take,Chittagong,Emotional people are very stupid,annoyance
কিছু মানুষ অনেক স্বার্থপর হয়,kichu manush onek sarthopor hoy,কিছু মানুষ বহুত সারত ফত অয়দে,kichu manush bohut sarot fot oyde,Chittagong,Some people are very selfish,annoyance
আমি একটা খুব বড় সমস্যায় পড়েছি দয়া করে কেউ হাসাহাসি করবেন না,ami ekta khub boro somossay porechi doya kore keu hasahasi korben na,আই এক্কান সমইস্যাত ফরি গেইলামদয়া গরিয়েরে হনিক্কায় আসাআসি নো গইজ্জন,ai ekkan somoissat fori geilamodoya goriyere honikkay asaasi no goijjon,Chittagong,I am in a very big problem please no one laugh,amusement
আমাকে ছাড়া ভালো থেকো,amake chara valo theko,আঁরে চারা বালা তাইক্কো,are cara bala taikko,Chittagong,Be better without me,optimism
সকালে পড়াশোনা করে আমি আরামে মনোযোগ দিতে পারি,sokale porashona kore ami arame monojog dite pari,বেইন্না ফরাশুনা গরি আঁই আরাম গরি মনোযোগ দিত ফারি,beinna forashuna gori ai aram gori monojog dito fari,Chittagong,I can concentrate comfortably by studying in the morning,approval
আমি খাবারে টক খুব ভালোবাসি,ami khabare tok khub valobashi,আই খাবারে টক এব্বারে লোবাসি,ai khabare tok ebbare lobasi,Chittagong,I love sour food,love
"কিছু মনে করবেন না, আপনাকে একটা কথা বলব ?","kichu mone korben na, apnake ekta kotha bolbo ?","কিচু মনে ন গইরগন, অনরে এক্কান হতা হয়্যুম নে ?","kicu mone no girogon, onre ekkan hota hoyium ne ?",Chittagong,"Do not mind, I will tell you something?",curiosity
বেশী কথা আমার পছন্দ না ,beshi kotha amar pochondo na,বেশি হতা আত্তন পচন্দ নয়,beshi hota atton pocondo noy,Chittagong,I don't like talking too much,disapproval
তোমার মূল্যবান বক্তব্যের জন্য তোমাকে অনেক ধন্যবাদ ,tomar mulloban boktobber jonno tomake onek dhonnobad,তোঁয়ার মূল্যবান বক্তব্যর লাই তোঁআরে দন্যবাদ,toyar mulloban boktobbor lai toare donnobad,Chittagong,Thank you very much for your valuable comments,gratitude
একটা সময় পর বুঝলাম যে আমরা একে অপরকে চাই,ekta somoy por bujhlam je amra eke oporke chai,এক্কান সময় ফর বুঝিলাম যে আই একে অফরকে চাইর,ekkan somoy for bujhilam je ai eke oforke chair,Chittagong,After a while I realized that we want each other,realization
তিশার জন্য সিন্দুক খোলা হলো,tishar jonno sinduk khola holo,তিশার লাও সিন্দুক খুইল্লি,tishar lao sinduk khuilli,Chittagong,The ark was opened for Tisha,amusement
বুঝতেছিনা কি করবো আমি,bujhtechina ki korbo ami,নো বুঝির কি গইজ্জুম,no bujhir ki goijjum,Chittagong,I don't know what to do,confusion
সে  কি এই বইটি পড়তে চায়  ?,se ki ei boiti porte chay ?,ইবা কি এই বইইবা ফইরত চায় নে,iba ki ei boi iba foirot chay ne,Chittagong,Does he want to read this book?,curiosity
এ কী করে সম্ভব,e ki kore somvob,ইবা কেরিম্মা গরি সম্ভব,iba kerimma gori somvob,Chittagong,How is this possible?,curiosity
আমি অনেক খুশি,ami onek khushi,আঁই বউত কুশি,ai bout kushi,Chittagong,I am very happy,joy
মানুষ আসলে বড়ই অদ্ভুত,manush asole boroi odvut,মানষ বাস্তবে বরই অদবুত,manosh bastobe boroi odbut,Chittagong,People are really weird,disgust
আমি তার চোথের মায়ায় পড়েছি ,ami tar chokher mayay porechi,আঁই ইবার চকোর মায়াত ফইরগি,ai ibar cokor mayat foirgi,Chittagong,I fell under the spell of his anger,annoyance
বিষয়টি আসলেই দুশ্চিন্তার,bishoyti asolei dushchintar,বিষয়য়ান আসলে দুচ্চিন্তার,bishoyyan asole duccintar,Chittagong,This is really worrying,fear
বাবাকে হাসপাতালে দেখে খুব খারাপ লাগছে,babake hospital e dekhe khub kharap lagche,বাবারে হাসফাতালত সাইয়েরে খুব হারাফ লাইগগে,babare hospitalot  saiyere khub haraf laigge,Chittagong,I am very sad to see my father in the hospital,sadness
তোমার মূল্যবান বক্তব্যের জন্য তোমাকে অনেক ধন্যবাদ ,tomar mulloban boktobber jonno tomake onek dhonnobad,তোঁয়ার মূল্যবান বক্তব্যর লাই তোঁআরে দন্যবাদ,toyar mulloban boktobbor lai toare donnobad,Chittagong,Thank you very much for your valuable comments,gratitude
তােকে ধন্যবাদ এমন ভালাে একটি বইয়ের খোজ দেওয়ার জন্য,toke dhonnobad emon valo ekti boiyer khoj deoyar jonno,তাহেররে দন্যবাদ এন বালা ওজ্ঞা বইওর কোয দিবার লাই,taherre donnobad en bala ogga boior koj dibar lai,Chittagong,Thanks for finding such a good book,gratitude
আমার আব্বু বড় ভাইয়ের উপর রেগে গেছিলেন,amar abbu boro vaiyer upor rege gechilen,আর আব্বু ডর ভাই ইবার উফরত রাগি গেইয়ে,ar abbu dor vai ibar uforot ragi geiye,Chittagong,My father was angry with my elder brother,anger
তুমি আমার কাছে  ক্ষমা চাও,tumi amar kache  khoma chao,তুই আর হাসত ক্ষমা চো,tui ar hasot khoma cho,Chittagong,You apologize to me,remorse
তোমার  সাথে কথা বলে আমার অনেক ভালো লাগলো,tomar  sathe kotha bole amar onek valo laglo,তোয়ার ফোয়ারিত হতা হইয়েরে আত্তুন বহুত গম লাগেদে,toyar foyarit hota hoiyere attun bohut gom lagede,Chittagong,I enjoyed talking with you,joy
আমরা সবাই গতকাল বাহিরে গিয়েছিলাম ,amra sobai gotokal bahire giyechilam,আরা বেয়াক্কুন গতহালিয়া বাইরে গেইলাম,ara beyakkun gotohaliya baire geilam,Chittagong,We all went out yesterday,neutral
আমি দেখেছি সব সময় এমন কাজ করেন যার জন্য উনার ছেলে অনেক রাগ করেন,ami dekhechi sob somoy emon kaj koren jar jonno unar chele onek rag koren,আই দেইক্কি সব সমত এনে হাম গরে যার হারনে তার ফোয়া রাগ গরে,ai deikki sob somot ene ham gore jar harone tar foya rag gore,Chittagong,I have seen him always doing things that make his son very angry,anger
এখন পর্যন্ত সবকিছু ঠিকমতো আয়োজন করছি,ekhon porjonto sobkichu thikmto ayojon korchi,এহন ফইরযন্ত বেজ্ঞিন টিকমতো আয়োজন গইরগি,ehon foirjonto beggin tikmoto ayojon goirgi,Chittagong,Everything is going well so far,approval
তুমি সত্যিই খুব কঠিন সময় পার করছ,tumi sottii khub kothin somoy par korocho,তুই হাসা খুব কঠিন সময় ফার গরর,tui hasa khub kothin somoy far goror,Chittagong,You are going through a really tough time,disappointment
সে  অনেক ভালো রান্না করে,se onek valo ranna kore,ইবা বউত বালা রান্না গরে,iba bout bala ranna gore,Chittagong,He cooks very well,admiration
খেলায় হারজিত থাকতেই পারে,khelay harjit thaktei pare,হেলাাত আর জিত তাকিত্তারে,helat ar jit takittare,Chittagong,The game may be lost,sadness
আপনার ছবিটি দেখে মন ভরে গেলো,apnar chobi ti dekhe mon vore gelo,অনর চবিয়ান দেহি মন বরি গেইয়্যুই,onor cobiyan dehi mon bori geyui,Chittagong,My heart was filled with your picture,sadness
সকালের শুরুতেই পড়াশোনা শুরু করা ভালো হয়,sokaler shurutei porashona shuru kora valo hoy,বেইন্না ফযরত ফরাশোনা শুরু গরা বালো,beinna fojorot forashona shuru gora balo,Chittagong,It is better to start studying early in the morning,approval
তোমাকে আমি ধন্যবাদ জানাতে চাই,tomake ami dhonnbad janate chai,তোয়ারে আই ধন্যবাদ জানাইতাম চাই ,toyare ai dhonnobad janaitam cai,Chittagong,I want to thank you,gratitude
কেক এর উপর লেখা ছিল শুভ জন্মদিন আমার বউ,cake er upor lekha chilo shuvo jonmodin amar bou,কেকের উদ্দি লেখা আসিল দে শুভ জন্মদিন আর বউ,cake uddi lekha asilo de shuvo jonmodin ar bou,Chittagong,Happy birthday my wife was written on the cake,excitement
আমি আপনাকে ধন্যবাদ জানাতে চাই,ami apnake dhonnobad janate chai,আঁই অনরে দইন্যবাদ জানাতাম চাই,ai onre doinnobad janatam chai,Chittagong,I want to thank you,gratitude
ঐ মহিলা আর সে মিলে আমাকে গালিগালাজ করতে থাকে,oi mohila ar se mile amake galigalaj korte thake,ঐ বেডীর ওদ্দে ইতে মিলি আরে গালাগালি গরার তাকে,oi bedir odde ite mili are galagali gorar take,Chittagong,That woman and he started abusing me together,annoyance
একটি বিড়াল ছানা পালার খুব ইচ্ছা আমার,ekti biral chana palar khub iccha amar,এক্কান বিলাইর ফালনের খুব ইচ্ছা আর,ekkan bilair faloner khub iccha ar,Chittagong,I really want to get a kitten,desire
আমি দেখেছি সব সময় এমন কাজ করেন যার জন্য উনার ছেলে অনেক রাগ করেন,ami dekhechi sob somoy emon kaj koren jar jonno unar chele onek rag koren,আই দেইক্কি সব সমত এনে হাম গরে যার হারনে তার ফোয়া রাগ গরে,ai deikki sob somot ene ham gore jar harone tar foya rag gore,Chittagong,I have seen him always doing things that make his son very angry,anger
মানুুষ অনেক স্বার্থপর হয় ,manush onek sarthopor hoy,মানুষ বউত সার্তফর,manush bout sartofor,Chittagong,People are very selfish,anger
আপনি আমার সাথে এভাবে কথা বলতে পারেন না,apni amar sathe evabe kotha bolte paren na,অনে আঁর লই এন গরি হতা হইত ন ফারঅন,one ar loi en gori hota hit n faron,Chittagong,You can't talk to me like that,anger
এখন তুমি আমার কাছে ক্ষমা চাও,ekhon tumi amar kache khoma chao,এহন তুই আর হাসে মাফ সদ্দে,ehon tui ar hase maf sodde,Chittagong,Now you apologize to me,remorse
আর এবছর সে বিশাল করে সারপ্রাইজ দিয়েছে আমাকে,ar ebochor se bishal kore surprise diyeche amake,আর এই বছরত যেই বিশাল গরিয়েরে সারপ্রাইজ দিয়ে আরে,ar ei bochorot jei bishal goriyere surprise diye are,Chittagong,And this year he gave me a big surprise,surprise
আমি অবাক হয়ে গেছিলাম,ami obak hoye gechilam,আই অবাক অয় গিয়িলাম,ai obak oy giyilam,Chittagong,I was surprised,surprise
এখন আবার একটা মেয়েকে অনেক ভালবাসি,ekhon abar ekta meyeke onek valobasi,এহম আবার ওজ্ঞা মাইফোয়ারে বউত বালোবাসি,ehom abar ogga maifoyare bout balobasi,Chittagong,Now I love a girl again,love
আমি তোমাকে চিনি না,ami tomake chini na,আঁই তোয়ারেবন চিনি,ai toyarebon cini,Chittagong,i don't know you,confusion
এই গানটা যে কতো বার যে শুনেছি তার কোনো হিসেব নেই,ei ganta je koto bar je shunechi tar kono hiseb nei,এই গানইবাযে হতবার ফুইন্নি তার ইসাব নেই,ei ganibaje hotobar fuinni tar isab nei,Chittagong,I can't count how many times I have listened to this song,confusion
আজ অনেক মজা হল,aj onek moja holo,আযিয়া বউত মযা অইয়্যে,ajiya bout moja oiye,Chittagong,Today was a lot of fun,amusement
আমি একজন খারাপ মানুষ ,ami ekjon kharap manush,আঁই একযন হারাপ মানুষ,ai ekjon harap manush,Chittagong,I am a bad person,disappointment
আমরা অপেক্ষা করব,amra opekkha korbo,আরা অফেক্ষা কইজ্জুম,ara ofekkha koijjum,Chittagong,We will wait,excitement
আমি অবাক হয়ে গেছিলাম,ami obak hoye gechilam,আই অবাক অয় গিয়িলাম,ai obak oy giyilam,Chittagong,I was surprised,surprise
মেয়েটি একটি  ভালো চাকরি করে,meyeti ekti  valo chakri kore,মাইয়া ফোয়া ইবা ভালো চরি গরে,maiya foya iba valo cori gore,Chittagong,The girl does a good job,admiration
আমার স্বামী সবাইকে বুঝিয়ে বুঝিয়ে ক্লান্ত যে আমি এরকম কিছু করছি না,amar sami sobaike bujhiye bujhiye klanto je ami erokom kichu korchi na,আর জামাই বেয়াক্কুনর বুঝাই বুঝাই যে আই এইল্লে কিছু নো গরির,ar jamai beyakkunor bujhai bujhai je ai eille kichu no gorir,Chittagong,My husband is tired of explaining to everyone that I am not doing such a thing,disappointment
স্টোররুমটি নোংরা হয়ে আছে,storeroom ti nongra hoye ache,স্টোররুম ইয়ান বহুত ময়লা অই তাইক্কে,storeroom iyan bohut moyla oi taikke,Chittagong,The storeroom is dirty,disgust
নিজে অসুখী হয়ে অন্যকে ভালোবেসে সুখী করা যায়না,nije osukhi hoye onnoke valobeshe sukhi kora jayna,নিজে অসুকি অয় অন্যরে বালবাসি সুকি গরা ন যায়,nije osuki oy onnore balobasi suki gora no jay,Chittagong,You can't make others happy by being unhappy yourself,caring
আমি নাকি মারা গেলে তার একটি আফসোস থাকবে শুধু আমি নাকি তাকে বুঝিনি কখনো,ami naki mara gele tar ekti afsos thakbe shudhu ami naki take bujhini kokhono,আই নাকি মরি গেলে তার এক্কান আফসোস তাকিবো ইন অইলদেকি আই নাকি তারে হোন দিন নো বিঝি,ai naki mori gele tar ekkan afsos takibo in oildeki ai naki tare hon din no bijhi,Chittagong,"If I am dead, he will have one regret that I am the only one who never understood him",remorse
আমি আমার স্বামীর সাথে রাগ করি কেনো তাদের এরকম কথা কাটাকাটি হয়,ami amar samir sathe rag kori keno tader erokom kotha katakati hoy,আই আর যামাইর রাগ কিল্লাই গোরি ইতারার হোতা এইল্লে হাডাহাডি অয়,ai ar jamair rag killai gori itarar hota eille hadahadi oy,Chittagong,I am angry with my husband why they are arguing like this,anger
প্রথমদিকে অত ভালোবাসতাম না,prothomdike eto valobashtam na,ফ্রথম দিকত এইল্লে ভালোনোবাসিতাম,frothom dikot eille valonobasitam,Chittagong,I didn't like it that much at first,disapproval
বলে রাখা ভালো এইটা আমার এবং আমার স্বামীর ২ জনেরই দ্বিতীয় সংসার,bole rakha valo eita amar ebong amar samir ২ joneri ditio songsar,বলি রাহা ভালা আসিল আই আর আর জামাইর দুই বিয়া,boli raha vala asilo ai ar ar jamair dui biya,Chittagong,It is good to say that this is the second family for both me and my husband,approval
সবাই তাকে অনেক ভয় পেতো,sobai take onek voy peto,বেজ্ঞুনে ইতারে বউত ডরাইতো,beggune itare bout doraito,Chittagong,Everyone was afraid of him,fear
আপনার মজার মজার কথা শুনলে সারা দিন মন ভালো থাকে,apnar mojar mojar kotha shunle sara din mon valo thake,অনর মযার মযার হতা ফুনিলে আরাদিন মন বালা তাকে,onor mojar mojar hota funile aradin mon bala take,Chittagong,Listening to your funny jokes makes me feel good all day long,amusement
তোমার প্রিয় বিষয় কি? ,tomar priyo bishoy ki?,তোঁয়ার ফ্রিয় বিষয় কি?,toyar friyo bishoy ki?,Chittagong,What is your favorite subject?,curiosity
তোমার জন্য মনে আমার অফুরন্ত আশা,tomar jonno mone amar ofuronto asha,তোঁয়ার লাই মনোত আঁর আফুরন্ত আশা,toyar lai monot ar afuronto asha,Chittagong,I have endless hope for you,optimism
একটা সময় পর বুঝলাম যে আমরা একে অপরকে চাই,ekta somoy por bujhlam je amra eke oporke chai,এক্কান সময় ফর বুঝিলাম যে আই একে অফরকে চাইর,ekkan somoy for bujhilam je ai eke oforke chair,Chittagong,After a while I realized that we want each other,realization
এই গানটা কতবার শুনিছি আমি নিজেই জানি না,ei ganta kotobar shunechi ami nijei jani na,এই গানইবা হতোবার ফুইন্নি আঁই নিজেই ন যানি,ei ganiba hotobar fuinni ai nijei no jani,Chittagong,I don't know how many times I have heard this song,confusion
তোর বড় ভাইয়ের সাথে আমার বিয়ে হওয়ার  কথা চলতাসে,tor boro vaiyer sathe amar biye hoyar kotha choltase,তোর বর বাইয়ের ফোয়ারে আঁর বিয়ার হতা চলের,tor bor baiyer foyare ar biyar hota coler,Chittagong,I was supposed to get married to your elder brother,annoyance
তুমি আমাকে বিরক্ত করো না,tumi amake birokto koro na,তুই আরে বিরক্ত ন গইজ,tui are birokto no goij,Chittagong,you don't bother me,annoyance
আমি আপনাকে ধন্যবাদ জানাতে চাই,ami apnake dhonnobad janate chai,আঁই অনরে দইন্যবাদ জানাতাম চাই,ai onre doinnobad janatam chai,Chittagong,I want to thank you,gratitude
তোমাকে একটি গোলাপ ফুল কিনে দিবো,tomake ekti golap ful kine dibo,তোয়ারে এক্কান গোলাপ ফুল কিনি দিয়ুম,toyare ekkan golap ful kini diyum,Chittagong,I will buy you a rose flower,caring
সকালের শুরুতেই পড়াশোনা শুরু করা ভালো,sokaler shurutei porashona shuru kora valo,বেইন্না ফ-য-রত ফরাশোনা শুরা গরা বালো,beinna fo-jo-rot forashona shura gora balo,Chittagong,It is better to start studying early in the morning,approval
তোমার কথা শুনে আমি খুব অবাক হয়ে গেছিলাম,tomar kotha shune ami khub obak hoye gechilam,তোয়ার হোতা ফুনিয়েরে আই খুব অবাক অই গিয়ি,toyar hota funiyere ai khub obak oi giyi,Chittagong,I was very surprised to hear your words,surprise
মেয়েটি সিলেট থেকে আসা এই ছেলেটিকে অনেক ভালবাসে,meyeti Sylhet theke asha ei cheletike onek valobashe,মাইফোয়া ইবা সিলেটত্তুন আইস্যেদে ফোয়া ইবারে বঊত বালবাসে,maifoya iba sylhettun aissede foya ibare bout balobase,Chittagong,The girl loves this boy from Sylhet very much,love
আমার ভাই বোনের খুব ভালো ছবি আঁকে,amar vai boner khub valo chobi ake,আর ভাই ভইনর বহুত খুব ভালো ছবি আহে,ar vai vinor bohut khub valo chobi ahe,Chittagong,My brother draws very good pictures of my sister,admiration
পেঁপে একটি সুস্বাদু ফল,pepe ekti susshadu fol,পেঁপে  এইজ্ঞো  সুস্বাদু ফল,pepe  eijno  sushadu fol,Chittagong,Papaya is a delicious fruit,admiration
কেক এর উপর লেখা ছিল শুভ জন্মদিন আমার বউ,cake er upor lekha chilo shuvo jonmodin amar bou,কেকের উদ্দি লেখা আসিল দে শুভ জন্মদিন আর বউ,cake uddi lekha asilo de shuvo jonmodin ar bou,Chittagong,Happy birthday my wife was written on the cake,excitement
তুমি ক্রিকেট খেলায় জিতলে,tumi cricket khelay jitle,তুই ক্রিকেট হেলাত জিতিলা,tui cricket helat jitila,Chittagong,You win the cricket game,approval
আমার পরিবারের সবার সাথে ও কথা বলুক এটা চাই,amar poribarer sobar sathe o kotha boluk eta chai,আর ফরিবার বেগুনের লয় ও হতা খোক ইবা চাই,ar foribar beguner loy o hota khok iba chai,Chittagong,I want it to talk to all my family,desire
মেয়েটিকে দেখে ছেলে ভয় পেয়ে যায়,meyetike dekhe chele voy peye jay,মাইয়াফোয়া ইবারে দেহিয়েরে ডর ফাইয়ে,maiyafoya ibare dehiyere dor faiye,Chittagong,Boy gets scared seeing the girl,fear
আমরা অপেক্ষা করব,amra opekkha korbo,আরা অফেক্ষা কইজ্জুম,ara ofekkha koijjum,Chittagong,We will wait,excitement
আমি তোমাকে একটা উপহার দিতে চাই,ami tomake ekta upohar dite chai,আই তোওয়ারে এক্কান উফহার দিতাম চাইর,ai tooyare ekkan ufohar ditam chair,Chittagong,I want to give you a gift,desire
একটা সময় পর বুঝলাম যে আমরা একে অপরকে চাই,ekta somoy por bujhlam je amra eke oporke chai,এক্কান সময় ফর বুঝিলাম যে আই একে অফরকে চাইর,ekkan somoy for bujhilam je ai eke oforke chair,Chittagong,After a while I realized that we want each other,realization
আমার মার কাছে আমার জামাই খুব ভাল,amar mar kache amar jamai khub valo,আর মার হাসে আর জামাই বেস গম,ar mar hase ar jamai bes gom,Chittagong,My son-in-law is very good to my mother,admiration
তুমি সত্যিই খুব কঠিন সময় পার করছ,tumi sottii khub kothin somoy par korocho,তুই হাসা খুব কঠিন সময় ফার গরর,tui hasa khub kothin somoy far goror,Chittagong,You are going through a really tough time,disappointment
পরে আপনার অনেক আফসোস হবে  ,pore apnar onek afsos hobe,ফরে অনর বউত আফসোস অইব,fore onor bout afsos oibo,Chittagong,You will regret it later,remorse
আমরা অপেক্ষা করব,amra opekkha korbo,আরা অফেক্ষা কইজ্জুম,ara ofekkha koijjum,Chittagong,We will wait,excitement
এটা হয়তো কেউ বুঝতে পারছে না আমি ছাড়া,eta hoyto keu bujhte parche na ami chara,ইয়ান আঁই চারা হনিকাই ন বুযের ফঁল্লাই,iyan ai cara honikai no bujer follai,Chittagong,Maybe no one understands this but me,confusion
তুমি সত্যিই খুব কঠিন সময় পার করছ,tumi sottii khub kothin somoy par korocho,তুই হাসা খুব কঠিন সময় ফার গরর,tui hasa khub kothin somoy far goror,Chittagong,You are going through a really tough time,disappointment
আমার বান্ধুবি তার স্বামীকে খুব ভালবাসে,amar bandhubi tar shamike khub valobase,আর বান্ধবির তার জামাইরে বহুত ভালবাসেদে,ar bandhobir tar jamaire bohut valobasede,Chittagong,My girlfriend loves her husband very much,love
আমার একদমই ভালো লাগে না ,amar ekdomi valo lage na,আঁর এফফোডাও গম ন লার,ar effodao gom no lar,Chittagong,I don't like it at all,disapproval
আমি নাকি মারা গেলে তার একটি আফসোস থাকবে শুধু আমি নাকি তাকে বুঝিনি কখনো,ami naki mara gele tar ekti afsos thakbe shudhu ami naki take bujhini kokhono,আই নাকি মরি গেলে তার এক্কান আফসোস তাকিবো ইন অইলদেকি আই নাকি তারে হোন দিন নো বিঝি,ai naki mori gele tar ekkan afsos takibo in oildeki ai naki tare hon din no bijhi,Chittagong,"If I am dead, he will have one regret that I am the only one who never understood him",remorse
তবু প্রতিটি মৃত্যু মানুষকে কষ্ট দেয়,tobu protiti mrittu manushke koshto dey,ইয়ার ফোরও রতিকান ইন্তেকাল মাইশেরে হস্ট দে,iyar foro rotikan intekal maishere hosto de,Chittagong,Yet every death hurts people,sadness
আমার বোন কেন এই পথে পা বাড়ালো জানাজানি হলে কিভাবে মুখ দেখাবো সেই চিন্তায় ঘুমাতে পারছি না,amar bon keno ei pothe pa baralo janajani hole kivabe mukh dekhabo sei cintay ghumate parchi na,আর ভোইন কিল্লাই এই ফোতত ফা বাড়াইয়ে জানাজানি অইলে কেনে মুখ দেহাইয়ুম সেই চিন্তায় গুম যাইন্নফারির,ar voin killai ei fotot fa baraiye janajani oile kene mukh dehaiyum sei chintay gum jainnfarir,Chittagong,I can't sleep worrying about how I will show my face if I find out why my sister took this path,fear
আমি খেয়াল করছি উনি আর উনার ছেলের সম্পর্ক খুব খারাপ,ami kheyal korchi uni ar unar cheler somporko khub kharap,আই খেইয়াল গইজ্জি দে তারার মার ফুতর সম্পর্ক খুব হারাফ,ai kheiyal goijji de tarar mar futor somporko khub haraf,Chittagong,I notice that he and his son have a very bad relationship,disappointment
তোমার সব কথা  ঠিক আছে,tomar sob kotha thik ache,তোঁয়ার বেজ্ঞিন হতা ঠিক আচে,toyar beggin hota thik ache,Chittagong,You are right,approval
একটা সময় পর বুঝলাম যে আমরা একে অপরকে চাই,ekta somoy por bujhlam je amra eke oporke chai,এক্কান সময় ফর বুঝিলাম যে আই একে অফরকে চাইর,ekkan somoy for bujhilam je ai eke oforke chair,Chittagong,After a while I realized that we want each other,realization
ভালো ব্যবহার করেন না,valo bebohar koren na,ইতার কতা বার্তা ঠিক নাই ,itar kota barta thik nai,Chittagong,Don't use it well,disapproval
মানুুষ অনেক স্বার্থপর হয় ,manush onek sarthopor hoy,মানুষ বউত সার্তফর,manush bout sartofor,Chittagong,People are very selfish,anger
আমার বোন ইদানীং অনেক খারাপ আচরন করে,amar bon idaning onek kharap acoron kore,আর বইন  ইদানিং বহুত হারাফ আচরন গরে,ar boin idaning bohut haraf achoron gore,Chittagong,My sister has been behaving very badly lately.,amusement
আমার খুব ভয় লাগছে কোনো দিন আমি কিডন্যাপ হয়ে না যাই,amar khub voy lagche kono din ami kidnap hoye na jai,আর খুব ডর লাগের হোনো দিন আই কিডন্যাপ অই ন যায়,ar khub dor lager hono din ai kidnap oi no jay,Chittagong,I am very afraid that one day I will be kidnapped,fear
আমি বিজ্ঞানে মাস্টার্স ডিগ্রি অর্জন করেছি,ami biggane masters degree orjon korechi,আঁই বিজ্ঞান অত মাস্টার্স ডিগ্রি লইয়িগইরগি,ai biggan ot mastars digri loiyigoirgi,Chittagong,I have a master's degree in science,approval
তোমার কথা শুনে আমি খুব অবাক হয়ে গেছিলাম,tomar kotha shune ami khub obak hoye gechilam,তোয়ার হোতা ফুনিয়েরে আই খুব অবাক অই গিয়ি,toyar hota funiyere ai khub obak oi giyi,Chittagong,I was very surprised to hear your words,surprise
আশা করছি সব কিছু সমাধান হবে,asha korchi sob kichu somadhan hobe,আশা গরির বেয়াক্কিছু সমাধান অই যাইবোদে,asha gorir beyakkichu somadhan oi jaibode,Chittagong,Hope everything will be resolved,optimism
আমি গান গাইতে চাই,ami gan gaite chai,আঁই গান গাইতো চাই,ai gan gaito cai,Chittagong,I want to sing,desire
তোমাদের সকলের দোয়া চাই,tomader sokoler dowa chai,তোঁয়ারার বেজ্ঞুনর দোয়া চাই,toyarar beggunor doya cai,Chittagong,I want all of you to pray,caring
ও ঠিকই বলেছে,o thiki boleche,ও ঠিকি হইয়ে,o thiki hoiye,Chittagong,He is right,approval
সবাইকে স্বাগতম,shobaike shagotom,বেয়াক্কুনর স্বাগতম ,beyakkunor shagotom,Chittagong,Welcome everyone,gratitude
পরে আপনার অনেক আফসোস হবে  ,pore apnar onek afsos hobe,ফরে অনর বউত আফসোস অইব,fore onor bout afsos oibo,Chittagong,You will regret it later,remorse
আপনি নিজে কিছু করার চেষ্টা করেন যেন পরিবারের সাহায্য হয়,apni nije kichu korar cheshta koren jeno poribarer sahajjo hoy.,অনে নিজে কিছু গরিবার চেস্টা গরিবান যেন ফরিবারর সাহাইয্য  অয়,one nije kichu goribar chesta goriban jen foribaror sahaijjo  oy,Chittagong,You try to do something yourself to help the family,caring
আকাশে তারাগুলি আমাদেরকে আশা দেয়,akashe taraguli amaderke asha dey,আস্সান অর তারাগুন আঁরারে আশা দে,assan or taragun arare asha de,Chittagong,The stars in the sky give us hope,optimism
আমি অবাক হয়ে গেছিলাম,ami obak hoye gechilam,আই অবাক অয় গিয়িলাম,ai obak oy giyilam,Chittagong,I was surprised,surprise
দুই বেলা ডাল ভাত খেয়ে নিজের মত একা থাকা অনেক ভালো,dui bela dal vat kheye nijer moto eka thaka onek valo,বুই বেলাত দাইল ভাত হাইয়েরে নিজের ডইল্লে তন বহুত ভালা,bui belat dail vat haiyere nijer dille ton bohut vala,Chittagong,It is better to be alone like yourself after two meals of dal bhat,caring
আমাকে ছাড়া ভালো থেকো,amake chara valo theko,আঁরে চারা বালা তাইক্কো,are cara bala taikko,Chittagong,Be better without me,optimism
আপনার সুন্দর সুন্দর ছবিগুলো দেখে আনন্দ পেয়েছি,apnar shundor shundor chobigulo dekhe anondo peyechi,অনর সুন্দর সুন্দর চবিগিন দেকি আনন্দ পাইয়্যি,onor sundor sundor cobigin deki anondo paiyi,Chittagong,I enjoyed seeing your beautiful pictures,joy
আমি খেয়াল করছি উনি আর উনার ছেলের সম্পর্ক খুব খারাপ,ami kheyal korchi uni ar unar cheler somporko khub kharap,আই খেইয়াল গইজ্জি দে তারার মার ফুতর সম্পর্ক খুব হারাফ,ai kheiyal goijji de tarar mar futor somporko khub haraf,Chittagong,I notice that he and his son have a very bad relationship,disappointment
স্টোররুমটি নোংরা হয়ে আছে,storeroom ti nongra hoye ache,স্টোররুম ইয়ান বহুত ময়লা অই তাইক্কে,storeroom iyan bohut moyla oi taikke,Chittagong,The storeroom is dirty,disgust
সবাই তাকে অনেক ভয় পেতো,sobai take onek voy peto,বেজ্ঞুনে ইতারে বউত ডরাইতো,beggune itare bout doraito,Chittagong,Everyone was afraid of him,fear
আপনি একা একা বাহিরে ঘুরতে যান,apni eka eka bahire ghurte jan,ইনে এহলা এহলা বাইরত ঘুরিত যান,ine ehla ehla bairot ghurit jan,Chittagong,You go out for a walk alone,caring
মানুষ আসলে বড়ই অদ্ভুত,manush asole boroi odvut,মানষ বাস্তবে বরই অদবুত,manosh bastobe boroi odbut,Chittagong,People are really weird,disgust
সে তাকে অনেক বিরক্ত করে,se take onek birokto kore,ইতে তারে বউত বিরক্ত গরে,ite tare bout birokto gore,Chittagong,She annoys him a lot,anger
তার দেয়া কথা গুলা মাঝে মাঝে মনে পড়লে অনেক হাসি আসে,tar deya kotha gula majhe majhe mone porle onek hashi ase,তার হতা বাত্রা মাঝদ্দি মনত ফরিলে বহুত আসি আইয়ে,tar hota batra majhoddi monot forile bohut asi aiye,Chittagong,"When I remember his words sometimes, I smile a lot",joy
আমি কিন্তু এটা ভাবি নি যে ও মনে রাখে না আমি কেন করতে যাবো,ami kintu eta vabi ni je o mone rakhe na ami ken korte jabo,আই কিন্তু ইয়ান চিন্তা নো গরি যে ও মনত নো রাহে আই কিল্লাই মনত রাহিতাম,ai kintu iyan chinta no gori je o monot no rahe ai killai monot rahitam,Chittagong,But I didn't think that he didn't remember why I was going to do it,confusion
"যে ভালবাসা যত গোপন, সেই ভালবাসা তত গভীর","je valobasha joto gopon, sei valobasha toto govir",বালবাসা যিয়ান যত গোফন অই বালাবাসা ইয়ান তত গবীর,balobasa jiyan joto gofon oi balabasa iyan toto gobir,Chittagong,"The more secret the love, the deeper the love",love
একটা সময় পর বুঝলাম যে আমরা একে অপরকে চাই,ekta somoy por bujhlam je amra eke oporke chai,এক্কান সময় ফর বুঝিলাম যে আই একে অফরকে চাইর,ekkan somoy for bujhilam je ai eke oforke chair,Chittagong,After a while I realized that we want each other,realization
উনাদের মা ছেলের সম্পর্ক খারাপ এর প্রভাব আমার উপর আসে,unader ma cheler somporko kharap er provab amar upor ase,ইতারার মা ফোয়ার সম্পর্ক হারাপ ইয়েনোর প্রভাব আর উওরত আইয়ে,itarar ma foyar somporko harap iyenor provab ar uttorot aiye,Chittagong,Their bad mother-son relationship affects me,annoyance
সময় লেগেছে কিন্তু আমি যা তার থেকে চাই সেটা কিন্তু ঠিক বের করে এনেছি,somoy legeche kintu ami ja tar theke chai seta kintu thik ber kore enechi,সময় লাইজ্ঞে যিন আই তাত্তুন সাইয়ি ঠিক বাইর গরি ফেইল্লি,somoy laigge jin ai tattun saiyi thik bair gori feilli,Chittagong,It took time but I got exactly what I wanted out of him,desire
কেক এর উপর লেখা ছিল শুভ জন্মদিন আমার বউ,cake er upor lekha chilo shuvo jonmodin amar bou,কেকের উদ্দি লেখা আসিল দে শুভ জন্মদিন আর বউ,cake uddi lekha asilo de shuvo jonmodin ar bou,Chittagong,Happy birthday my wife was written on the cake,excitement
বিড়াল খুব আরামপ্রিয় প্রাণী,biral khub arampriyo prani,বিলাই বউত আরাম ফ্রিয় ফ্রানি,bilai bout aram friyo frani,Chittagong,Cats are very comfortable animals,annoyance
পাহাড়ের চূড়ায় উঠতে চাই ,paharer churay uthte chai,ফা আরর আগাত উইটত চায়,fa aror agat uitot cay,Chittagong,I want to climb to the top of the mountain,desire
কেক এর উপর লেখা ছিল শুভ জন্মদিন আমার বউ,cake er upor lekha chilo shuvo jonmodin amar bou,কেকের উদ্দি লেখা আসিল দে শুভ জন্মদিন আর বউ,cake uddi lekha asilo de shuvo jonmodin ar bou,Chittagong,Happy birthday my wife was written on the cake,excitement
খাবারে লবণ কম হলে আরো ভালো লাগতো,khabare lobon kom hole aro valo lagto,হানাাত লবণ হম অইলে আরো গম লাগিত ,hanaat lobon hom oile aro gom lagito,Chittagong,It would have been better if there was less salt in the food,optimism
তুমি নেই এই কঠিন সত্যিটা আমি আজও বিশ্বাস করতে পারছি না,tumi nei ei kothin sottita ami ajo bishsas korte parchi na,তুঁই নেই এই কটিন সইত্যইয়ান আঁই আইযো বিশ্বাস গরিত ন ফারির,tui nei ei kotin soittoyan ai aijo bisshsas gorit no farir,Chittagong,I still can't believe the hard truth that you are gone,disapproval
তোমাকে কি করে বুঝাবো তোমাকে কতটা ভালবাসি?,tomake ki kore bujhabo tomake kotota valobasi?,তোয়ারে কেনে বুঝাইতাম আই তোয়ারে হতকান ভালোবাসি?,toyare kene bujhaitam ai toyare hotokan valobasi?,Chittagong,How to tell you how much I love you?,love
মেয়েটির একজন ভালো বন্ধু ছিল,meyetir ekjon valo bondhu chilo,মাইফোয়া ইবার ওজ্ঞা বালা বন্দু আচিল,maifoya ibar ogga bala bondu acilo,Chittagong,The girl had a good friend,admiration
তুমি যাও একা একা,tumi jao eka eka,তুই একা একা যো গয়,tui eka eka jo goy,Chittagong,you go alone,caring
মানুষ আসলে বড়ই অদ্ভুত,manush asole boroi odvut,মানষ বাস্তবে বরই অদবুত,manosh bastobe boroi odbut,Chittagong,People are really weird,disgust
কিছু পাইতে হলে কিছু ছাড়তে হবে,kichu paite hole kichu charte hobe,কিচু ফাইতো অইলে কিচু চাইরতো অই,kicu faito oile kicu cairto oi,Chittagong,"To get something, you have to give up something",neutral
আমি  সবাইকে বুঝিয়ে বুঝিয়ে ক্লান্ত যে আমার আম্মু  এরকম কিছু করে  নাই,ami  sobaike bujhiye bujhiye klanto je amar ammu  erokom kichu kore  nai,আই বেয়াক্কুনর বুঝাইয়েরে ক্লান্ত যে আর আম্মু এইল্লে কিছু গরি নাই,ai beyakkunor bujhaiyere klanto je ar ammu eille kichu gori nai,Chittagong,I'm tired of explaining to everyone that my mom never did anything like that,disappointment
স্টোররুমটি নোংরা হয়ে আছে,storeroom ti nongra hoye ache,স্টোররুম ইয়ান বহুত ময়লা অই তাইক্কে,storeroom iyan bohut moyla oi taikke,Chittagong,The storeroom is dirty,disgust
আমার যে ব্যথা লাগল সেটা বুঝি কিছু নয়,amar je betha laglo seta bujhi kichu noy,আর যে ব্যথা লাইজ্ঞে ইয়ান কি বুঝি কিচ্ছু নও,ar je betha laigge iyan ki bujhi kicchu now,Chittagong,The pain I felt was nothing,sadness
স্টোররুমটি নোংরা হয়ে আছে,storeroom ti nongra hoye ache,স্টোররুম ইয়ান বহুত ময়লা অই তাইক্কে,storeroom iyan bohut moyla oi taikke,Chittagong,The storeroom is dirty,disgust
বাসায় যাওয়ার পথে ফ্লাইওভার দেখে হাবিব অবাক হয়ে গেল,basay jaoyar pothe flyover dekhe habib obak hoye gelo,বাসায় যোনের ফোথত ফ্লাইওভার সাইয়েরে হাবিব অবাক অই গিল,basay joner fothot flyover saiyere habib obak oi gilo,Chittagong,Habib was surprised to see the flyover on his way home,surprise
আমি ক্ষমা চাইছি,ami khoma chaichi,আই মাফ চাই,ai maf chai,Chittagong,I apologize,remorse
আমি আপনার কাছ থেকে একটি গল্প শুনতে চাই,ami apnar kach theke ekti golpo shunte chai,আঁই অনরতুন ওজ্ঞা কিচ্চা ফুইন্তো চাই,ai onortun ogga kicca fuinto cai,Chittagong,I want to hear a story from you,desire
তাই আমি তাকে লুকিয়ে বিয়ে করতে চাই,tai ami take lukiye biye korte chai,তাই আই তারে লুকাইয়েরে বিয়া গইত্তাম চাই,tai ai tare lukaiyere biya goittam chai,Chittagong,So I want to marry her secretly,desire
আমার বোন কেন এই পথে পা বাড়ালো জানাজানি হলে কিভাবে মুখ দেখাবো সেই চিন্তায় ঘুমাতে পারছি না,amar bon keno ei pothe pa baralo janajani hole kivabe mukh dekhabo sei cintay ghumate parchi na,আর ভোইন কিল্লাই এই ফোতত ফা বাড়াইয়ে জানাজানি অইলে কেনে মুখ দেহাইয়ুম সেই চিন্তায় গুম যাইন্নফারির,ar voin killai ei fotot fa baraiye janajani oile kene mukh dehaiyum sei chintay gum jainnfarir,Chittagong,I can't sleep worrying about how I will show my face if I find out why my sister took this path,fear
তোমার সৌন্দর্যোতা দেখছি ,tomar soundorjota dekhchi,তুঁয়ার সুন্দর্যতা চাইদ্দি,tuyar sundorjota caiddi,Chittagong,I see your beauty,admiration
তিশার জন্য সিন্দুক খোলা হলো,tishar jonno sinduk khola holo,তিশার লাও সিন্দুক খুইল্লি,tishar lao sinduk khuilli,Chittagong,The ark was opened for Tisha,amusement
আমার আগের কোনো কথা কিছুই মনে নেই  ,amar ager kono kotha kichui mone nei,আর আগর হোনো হতা কিছুই মনত নাই ,ar agor hono hota kichui monot nai,Chittagong,I don't remember anything before,disapproval
"বাহ্, এমন খেলা বহুদিন দেখিনি","bah, emon khela bohudin dekhini",বাহ এইল্লে হেলা বহু দিন নো দেহি,bah eille hela bohu din no dehi,Chittagong,"Wow, I haven't seen a game like this in a long time",surprise
আমার বয়স বেশি না,amar boyosh beshi na,আঁর বয়স বেশি ন,ar boyos beshi no,Chittagong,I am not old,neutral
তোর বড় ভাইয়ের সাথে আমার বিয়ে হওয়ার  কথা চলতাসে,tor boro vaiyer sathe amar biye hoyar kotha choltase,তোর বর বাইয়ের ফোয়ারে আঁর বিয়ার হতা চলের,tor bor baiyer foyare ar biyar hota coler,Chittagong,I was supposed to get married to your elder brother,annoyance
উনাদের মা ছেলের সম্পর্ক খারাপ এর প্রভাব আমার উপর আসে,unader ma cheler somporko kharap er provab amar upor ase,ইতারার মা ফোয়ার সম্পর্ক হারাপ ইয়েনোর প্রভাব আর উওরত আইয়ে,itarar ma foyar somporko harap iyenor provab ar uttorot aiye,Chittagong,Their bad mother-son relationship affects me,annoyance
বিড়াল খুব আরামপ্রিয় প্রাণী,biral khub arampriyo prani,বিলাই বউত আরাম ফ্রিয় ফ্রানি,bilai bout aram friyo frani,Chittagong,Cats are very comfortable animals,annoyance
পুতুলের এই জন্যেই খুব মন খারাপ,putuler ei jonnei khub mon kharap,পুতুলর এই হারনেল্লাই মন্নান হারাফ,putulor ei harnellai monnan haraf,Chittagong,The doll is very upset because of this,disappointment
আমি আসবো না,ami ashbo na,আই নো আইসসুম,ai no aissum,Chittagong,I won't come,disapproval
